timestamp,path_0,path_1,path_2
1717718409,7.0,12.2,8.5
1717719433,7.0,12.2,8.5
1717719914,7.1000000000000005,12.2,8.5
1717720342,7.1000000000000005,12.2,8.5
1717720832,7.0,12.2,8.5
1717721442,7.0,12.2,8.5
1717722064,7.1000000000000005,12.2,8.5
1717722912,7.0,12.2,8.5
1717723769,7.0,12.2,8.5
1717724643,7.1000000000000005,12.2,8.5
1717724943,7.1000000000000005,12.2,8.5
1717725986,7.0,12.2,8.5
1717726514,7.0,12.2,8.5
1717726936,7.0,12.2,8.5
1717727568,7.0,12.2,8.5
1717727990,7.0,12.2,8.5
1717728813,7.0,12.2,8.5
1717729478,7.0,12.2,8.5
1717729935,7.0,12.2,8.5
1717730814,7.1000000000000005,12.2,8.5
1717730921,7.1000000000000005,12.2,8.5
1717731680,15.2,12.2,8.5
1717732528,7.1000000000000005,12.2,8.5
1717733593,7.1000000000000005,12.2,8.5
1717733945,7.1000000000000005,12.2,8.5
1717734881,7.0,12.2,8.5
1717735455,7.1000000000000005,12.2,8.5
1717735748,7.1000000000000005,12.2,8.5
1717736768,7.0,12.2,8.5
1717737032,7.0,12.2,8.5
1717737682,7.0,12.2,8.5
1717738332,7.0,12.2,8.5
1717738950,7.1000000000000005,12.2,8.5
1717739789,7.0,12.2,8.5
1717739969,7.0,12.2,8.5
1717740805,31.2,12.2,8.5
1717741559,7.1000000000000005,12.2,8.5
1717742048,7.1000000000000005,12.2,8.5
1717742818,12.7,12.2,8.5
1717743260,7.0,12.2,8.5
1717743860,7.1000000000000005,12.2,8.5
1717745078,7.0,12.2,8.5
1717745794,7.0,12.2,8.5
1717745978,7.1000000000000005,12.2,8.5
1717747027,7.0,12.2,8.5
1717747131,7.1000000000000005,12.2,8.5
1717748188,7.0,12.2,8.5
1717748578,7.0,12.2,8.5
1717748983,7.1000000000000005,12.2,8.5
1717750298,7.0,12.2,8.5
1717751158,7.0,12.2,8.5
1717752653,7.1000000000000005,12.2,8.5
1717753221,7.1000000000000005,12.2,8.5
1717754234,7.0,12.2,8.5
1717754788,7.1000000000000005,12.2,8.5
1717755011,7.1000000000000005,12.2,8.5
1717755703,7.0,12.2,8.5
1717757030,7.0,12.2,8.5
1717757442,7.0,12.2,8.5
1717758292,7.0,12.2,8.5
1717758953,7.3,12.2,8.5
1717759466,7.0,12.2,8.5
1717760332,7.0,12.2,8.5
1717761815,7.0,12.2,8.5
1717762529,12.3,12.2,8.5
1717762959,7.0,12.2,8.5
1717763459,7.0,12.2,8.5
1717764741,7.0,12.2,8.5
1717765312,7.0,12.2,8.5
1717766071,7.0,12.2,8.5
1717766808,7.1000000000000005,12.2,8.5
1717767155,7.0,12.2,8.5
1717768019,7.0,12.2,8.5
1717768617,7.1000000000000005,12.2,8.5
1717768769,7.0,12.2,8.5
1717769628,7.0,12.2,8.5
1717770236,7.0,12.2,8.5
1717770719,10.5,12.2,8.5
1717771222,13.3,12.2,8.5
1717771914,7.6,12.2,8.5
1717772382,7.1000000000000005,12.2,8.5
1717772965,7.5,12.2,8.5
1717773999,7.0,12.2,8.5
1717774509,7.0,12.2,8.5
1717774899,7.0,12.2,8.5
1717775656,15.8,12.2,8.5
1717776343,7.0,12.2,8.5
1717776816,7.0,12.2,8.5
1717777534,7.0,12.2,8.5
1717777971,7.8,12.2,8.5
1717778827,7.0,12.2,8.5
1717779091,7.1000000000000005,12.2,8.5
1717779714,7.1000000000000005,12.2,8.5
1717780200,7.0,12.2,8.5
1717781717,7.0,12.2,8.5
1717782231,7.0,8.6,8.5
1717782918,7.0,11.4,8.5
1717783147,7.0,10.3,8.5
1717784177,7.0,8.6,8.5
1717784747,7.0,8.6,8.5
1717785254,7.0,8.6,8.5
1717785924,7.0,8.6,8.5
1717786133,7.0,8.6,8.5
1717787052,7.0,8.6,8.5
1717787311,7.1000000000000005,8.6,8.5
1717787943,7.9,8.6,8.5
1717788884,7.0,8.6,8.5
1717789263,7.000900900900901,8.6,8.5
1717790201,7.001801801801802,9.8,8.5
1717790590,7.0027027027027025,9.8,8.5
1717790920,7.003603603603604,9.8,8.5
1717791760,7.004504504504505,15.5,8.5
1717792472,7.005405405405406,8.6,8.5
1717792899,7.006306306306306,8.6,8.5
1717793336,7.007207207207207,8.6,8.5
1717794046,7.008108108108108,9.8,8.5
1717794904,7.009009009009009,10.2,8.5
1717795611,7.00990990990991,9.8,8.5
1717795849,7.010810810810811,9.8,8.5
1717796688,7.011711711711712,9.8,8.5
1717796942,7.012612612612613,9.8,8.5
1717797710,7.013513513513513,8.9,8.5
1717798249,7.014414414414414,8.8,8.5
1717799028,7.015315315315315,8.6,8.5
1717799459,7.0162162162162165,8.6,8.5
1717800424,7.017117117117118,8.6,8.5
1717801027,7.018018018018018,8.6,8.5
1717801510,7.018918918918919,8.5,8.5
1717801947,7.01981981981982,8.6,8.5
1717802327,7.020720720720721,8.5,8.5
1717802928,7.021621621621621,13.8,8.5
1717803984,7.0225225225225225,8.6,8.5
1717804255,7.023423423423424,9.8,8.5
1717804708,7.024324324324325,9.9,8.5
1717805731,7.025225225225225,9.8,8.5
1717806101,7.026126126126126,35.9,8.5
1717806577,7.027027027027027,9.8,8.5
1717807215,7.027927927927928,9.9,8.5
1717807917,7.028828828828829,9.9,8.5
1717808484,7.02972972972973,10.1,8.5
1717809419,7.030630630630631,9.8,8.5
1717809613,7.031531531531532,9.8,8.5
1717810143,7.032432432432433,8.6,8.5
1717810974,7.033333333333333,8.7,8.5
1717811446,7.034234234234234,8.6,8.5
1717812418,7.035135135135135,9.1,8.5
1717812627,7.036036036036037,8.7,8.5
1717813205,7.036936936936937,8.6,8.5
1717814062,7.037837837837838,8.6,8.5
1717814566,7.038738738738739,9.8,8.5
1717815035,7.03963963963964,9.8,8.5
1717815763,7.04054054054054,9.9,8.5
1717816139,7.0414414414414415,9.8,8.5
1717817378,7.042342342342343,9.9,8.5
1717817961,7.043243243243244,9.8,8.5
1717818625,7.044144144144145,10.0,8.5
1717819335,7.045045045045045,9.8,8.5
1717819877,7.045945945945946,11.6,8.5
1717820749,7.046846846846847,75.30000000000001,8.5
1717821311,7.047747747747748,9.8,8.5
1717821638,7.048648648648649,9.8,8.5
1717822357,7.04954954954955,9.8,8.5
1717822897,7.050450450450451,10.3,8.5
1717823694,7.051351351351352,9.8,8.5
1717824088,7.052252252252252,9.8,8.5
1717824661,7.053153153153153,9.8,8.5
1717825153,7.054054054054054,9.8,8.5
1717825780,7.0549549549549555,10.7,8.5
1717826415,7.055855855855856,9.8,8.5
1717827284,7.056756756756757,9.8,8.5
1717827514,7.057657657657658,9.8,8.5
1717828534,7.058558558558559,16.7,8.5
1717828870,7.05945945945946,9.8,8.5
1717830349,7.06036036036036,9.8,8.5
1717830624,7.0612612612612615,10.3,8.5
1717831268,7.062162162162163,12.8,8.5
1717831864,7.063063063063064,9.9,8.5
1717832550,7.063963963963964,9.8,8.5
1717834197,7.064864864864865,9.9,8.5
1717835226,7.065765765765766,9.8,8.5
1717835815,7.066666666666667,9.8,8.5
1717835905,7.0675675675675675,9.9,8.5
1717836956,7.068468468468469,9.8,8.5
1717837369,7.06936936936937,9.9,8.5
1717837766,7.070270270270271,9.8,8.5
1717838496,7.071171171171171,9.8,8.5
1717839234,7.072072072072072,9.9,8.5
1717840547,7.072972972972973,9.8,8.5
1717840746,7.0738738738738745,11.6,8.5
1717841802,7.074774774774776,10.1,8.5
1717842159,7.075675675675676,9.8,8.5
1717842564,7.076576576576577,9.9,8.5
1717843251,7.077477477477478,9.9,8.5
1717844028,7.078378378378379,9.8,8.5
1717844568,7.079279279279279,9.8,8.5
1717845034,7.0801801801801805,9.8,8.5
1717845657,7.081081081081082,9.9,8.5
1717846569,7.081981981981983,9.8,8.5
1717847094,7.082882882882883,9.8,8.5
1717847519,7.083783783783784,9.8,8.5
1717848146,7.084684684684685,10.0,8.5
1717848953,7.085585585585586,9.9,8.5
1717849561,7.086486486486487,9.8,8.5
1717849865,7.087387387387388,9.8,8.5
1717850501,7.088288288288289,9.8,8.5
1717851047,7.08918918918919,9.8,8.5
1717851848,7.090090090090091,11.9,8.5
1717852382,7.090990990990991,9.9,8.5
1717852960,7.091891891891892,9.8,8.5
1717853593,7.092792792792793,9.9,8.5
1717854118,7.0936936936936945,9.9,8.5
1717854844,7.094594594594595,9.8,8.5
1717855545,7.095495495495496,9.9,8.5
1717856213,7.096396396396397,9.9,8.5
1717856798,7.097297297297298,9.9,8.5
1717857389,7.098198198198198,9.9,8.5
1717858011,7.099099099099099,10.3,8.5
1717858404,7.1000000000000005,10.298154981549816,8.5
1717859035,7.0,10.296309963099631,8.5
1717859748,7.2,10.294464944649448,8.5
1717860316,10.6,10.292619926199263,8.5
1717860614,7.0,10.290774907749078,8.5
1717861393,7.0,10.288929889298894,8.5
1717861920,7.1000000000000005,10.287084870848709,8.5
1717862348,7.0,10.285239852398524,8.5
1717862999,7.0,10.283394833948341,8.5
1717863941,7.2,10.281549815498156,8.5
1717864303,7.1000000000000005,10.279704797047971,8.5
1717864947,7.0,10.277859778597787,8.5
1717865742,8.7,10.276014760147602,8.5
1717866171,7.0,10.274169741697417,8.5
1717866882,7.0,10.272324723247234,8.5
1717867596,7.0,10.270479704797049,8.5
1717868175,7.2,10.268634686346864,8.5
1717868789,7.1000000000000005,10.26678966789668,8.5
1717869160,11.9,10.264944649446495,8.5
1717869986,7.0,10.26309963099631,8.5
1717870344,7.2,10.261254612546127,8.5
1717870900,7.0,10.259409594095942,8.5
1717871474,7.0,10.257564575645757,8.5
1717872359,142.7,10.255719557195572,8.5
1717872691,7.1000000000000005,10.253874538745388,8.5
1717873209,7.0,10.252029520295205,8.5
1717873856,7.1000000000000005,10.25018450184502,8.5
1717874564,7.1000000000000005,10.248339483394835,8.5
1717875015,7.1000000000000005,10.24649446494465,8.5
1717875673,7.0,10.244649446494465,8.5
1717876126,7.0,10.24280442804428,8.5
1717877085,7.1000000000000005,10.240959409594097,8.5
1717877591,7.0,10.239114391143913,8.5
1717878304,7.1000000000000005,10.237269372693728,8.5
1717879004,7.0,10.235424354243543,8.5
1717879528,7.1000000000000005,10.233579335793358,8.5
1717880077,7.0,10.231734317343173,8.5
1717880541,7.0,10.22988929889299,8.5
1717881863,7.0,10.228044280442806,8.5
1717882416,7.0,10.22619926199262,8.5
1717883049,7.0,10.224354243542436,8.5
1717883692,7.0,10.222509225092251,8.5
1717884308,6.9,10.220664206642066,8.5
1717885025,7.0,10.218819188191883,8.5
1717885618,7.2,10.216974169741698,8.5
1717886103,13.7,10.215129151291514,8.5
1717886443,6.9,10.213284132841329,8.5
1717887276,7.0,10.211439114391144,8.5
1717887802,7.1000000000000005,10.209594095940961,8.5
1717888577,7.0,10.207749077490776,8.5
1717889097,7.0,10.205904059040591,8.5
1717889344,7.1000000000000005,10.204059040590407,8.5
1717889929,7.1000000000000005,10.202214022140222,8.5
1717890617,7.4,10.200369003690037,8.5
1717892126,7.1000000000000005,10.198523985239854,8.5
1717892828,7.0,10.19667896678967,8.5
1717893208,7.0,10.194833948339484,8.5
1717893968,7.0,10.1929889298893,8.5
1717894310,7.4,10.191143911439115,8.5
1717895165,7.0,10.18929889298893,8.5
1717895791,7.0,10.187453874538747,8.5
1717895945,7.0,10.185608856088562,8.5
1717896843,7.0,10.183763837638377,8.5
1717897428,7.1000000000000005,10.181918819188192,8.5
1717898095,7.1000000000000005,10.180073800738008,8.5
1717898327,7.1000000000000005,10.178228782287823,8.5
1717898964,7.1000000000000005,10.17638376383764,8.5
1717899620,7.0,10.174538745387455,8.5
1717900559,7.0,10.17269372693727,8.5
1717900823,7.0,10.170848708487085,8.5
1717901738,7.0,10.1690036900369,8.5
1717902200,7.0,10.167158671586716,8.5
1717902836,7.0,10.165313653136533,8.5
1717903110,7.1000000000000005,10.163468634686348,8.5
1717903860,7.0,10.161623616236163,8.5
1717904424,7.0,10.159778597785978,8.5
1717905180,7.0,10.157933579335793,8.5
1717905864,7.0,10.15608856088561,8.5
1717906380,7.0,10.154243542435426,8.5
1717906928,7.0,10.15239852398524,8.5
1717907391,7.1000000000000005,10.150553505535056,8.5
1717908358,7.1000000000000005,10.148708487084871,8.5
1717908743,7.0,10.146863468634686,8.5
1717909621,7.2,10.145018450184503,8.5
1717909753,7.1000000000000005,10.143173431734319,8.5
1717910737,7.0,10.141328413284134,8.5
1717911067,7.0,10.139483394833949,8.5
1717911991,7.1000000000000005,10.137638376383764,8.5
1717912449,7.1000000000000005,10.13579335793358,8.5
1717913155,9.8,10.133948339483396,8.5
1717913818,7.1000000000000005,10.132103321033211,8.5
1717914086,7.0,10.130258302583027,8.5
1717914690,7.0,10.128413284132842,8.5
1717915425,7.1000000000000005,10.126568265682657,8.5
1717916108,7.1000000000000005,10.124723247232472,8.5
1717916624,7.0,10.12287822878229,8.5
1717916981,7.0,10.121033210332104,8.5
1717917845,7.1000000000000005,10.11918819188192,8.5
1717918636,7.0,10.117343173431735,8.5
1717918800,7.1000000000000005,10.11549815498155,8.5
1717919464,7.0,10.113653136531367,8.5
1717920313,7.4,10.111808118081182,8.5
1717920732,7.1000000000000005,10.109963099630997,8.5
1717921249,7.1000000000000005,10.108118081180812,8.5
1717921804,7.0,10.106273062730628,8.5
1717922621,7.1000000000000005,10.104428044280443,8.5
1717923306,7.0,10.10258302583026,8.5
1717923771,7.0,10.100738007380075,8.5
1717924459,10.6,10.09889298892989,8.5
1717924772,7.0,10.097047970479705,8.5
1717925763,7.1000000000000005,10.09520295202952,8.5
1717926253,7.1000000000000005,10.093357933579336,8.5
1717926549,7.1000000000000005,10.091512915129153,8.5
1717927114,7.1000000000000005,10.089667896678968,8.5
1717928079,7.1000000000000005,10.087822878228783,8.5
1717928379,7.0,10.085977859778598,8.5
1717929360,7.0,10.084132841328413,8.5
1717930001,7.1000000000000005,10.082287822878229,8.5
1717930151,7.1000000000000005,10.080442804428046,8.5
1717930918,8.0,10.07859778597786,8.5
1717931518,7.5,10.076752767527676,8.5
1717932333,7.0,10.074907749077491,8.5
1717932577,7.0,10.073062730627306,8.5
1717933581,7.0,10.071217712177123,8.5
1717933832,7.1000000000000005,10.069372693726939,8.5
1717934810,7.6,10.067527675276754,8.5
1717935114,7.0,10.065682656826569,8.5
1717935865,7.1000000000000005,10.063837638376384,8.5
1717936122,7.0,10.0619926199262,8.5
1717936891,7.0,10.060147601476016,8.5
1717937544,7.1000000000000005,10.058302583025831,8.5
1717938076,7.3,10.056457564575647,8.5
1717938903,7.0,10.054612546125462,8.5
1717939481,8.6,10.052767527675277,8.5
1717940041,7.1000000000000005,10.050922509225092,8.5
1717940732,15.2,10.04907749077491,8.5
1717940944,7.0,10.047232472324724,8.5
1717941555,7.0,10.04538745387454,8.5
1717942374,7.0,10.043542435424355,8.5
1717943118,7.0,10.04169741697417,8.5
1717943567,7.0,10.039852398523985,8.5
1717944126,7.0,10.038007380073802,8.5
1717944844,7.0,10.036162361623617,8.5
1717945575,7.0,10.034317343173432,8.5
1717946193,7.1000000000000005,10.032472324723248,8.5
1717946407,7.1000000000000005,10.030627306273063,8.5
1717947305,7.1000000000000005,10.028782287822878,8.5
1717947591,7.1000000000000005,10.026937269372695,8.5
1717948583,7.1000000000000005,10.02509225092251,8.5
1717949145,7.0,10.023247232472325,8.5
1717949635,7.0,10.02140221402214,8.5
1717950407,7.1000000000000005,10.019557195571956,8.5
1717950888,7.0,10.017712177121773,8.5
1717951548,8.5,10.015867158671588,8.5
1717951854,7.0,10.014022140221403,8.5
1717952356,11.1,10.012177121771218,8.5
1717953409,6.9,10.010332103321034,8.5
1717953623,7.1000000000000005,10.008487084870849,8.5
1717954224,7.0,10.006642066420666,8.5
1717955056,7.0,10.00479704797048,8.5
1717955597,7.1000000000000005,10.002952029520296,8.5
1717956171,7.0,10.001107011070111,8.5
1717956978,7.0,9.999261992619926,8.5
1717957481,7.1000000000000005,9.997416974169742,8.5
1717957860,7.1000000000000005,9.995571955719559,8.5
1717958744,7.0,9.993726937269374,8.5
1717959047,7.1000000000000005,9.991881918819189,8.5
1717959729,7.1000000000000005,9.990036900369004,8.5
1717960595,7.0,9.98819188191882,8.5
1717961089,7.1000000000000005,9.986346863468636,8.5
1717961697,7.0,9.984501845018452,8.5
1717962155,7.0,9.982656826568267,8.5
1717962989,7.0,9.980811808118082,8.5
1717963429,7.1000000000000005,9.978966789667897,8.5
1717963944,7.0,9.977121771217712,8.5
1717964382,7.0,9.97527675276753,8.5
1717965139,7.0,9.973431734317344,8.5
1717966026,7.0,9.97158671586716,8.5
1717966452,7.0,9.969741697416975,8.5
1717966797,7.0,9.96789667896679,8.5
1717967644,7.0,9.966051660516605,8.5
1717968142,7.1000000000000005,9.964206642066422,8.5
1717968965,7.0,9.962361623616237,8.5
1717969145,7.1000000000000005,9.960516605166053,8.5
1717970076,7.0,9.958671586715868,8.5
1717970492,8.200000000000001,9.956826568265683,8.5
1717971090,7.1000000000000005,9.954981549815498,8.5
1717971758,7.1000000000000005,9.953136531365315,8.5
1717972565,7.0,9.95129151291513,8.5
1717973066,7.0,9.949446494464945,8.5
1717973739,7.1000000000000005,9.94760147601476,8.5
1717974183,7.0,9.945756457564576,8.5
1717974973,7.0,9.943911439114391,8.5
1717975519,7.2,9.942066420664208,8.5
1717975785,7.0,9.940221402214023,8.5
1717976401,7.0,9.938376383763838,8.5
1717976928,7.0,9.936531365313654,8.5
1717977925,7.5,9.934686346863469,8.5
1717978625,7.1000000000000005,9.932841328413286,8.5
1717978759,7.0,9.930996309963101,8.5
1717979448,7.0,9.929151291512916,8.5
1717980118,7.0,9.927306273062731,8.5
1717980591,7.0,9.925461254612546,8.5
1717981590,7.0,9.923616236162362,8.5
1717981809,7.0,9.921771217712179,8.5
1717982561,7.1000000000000005,9.919926199261994,8.5
1717982986,7.0,9.918081180811809,8.5
1717983869,7.0,9.916236162361624,8.5
1717984129,7.0,9.91439114391144,8.5
1717985222,7.0,9.912546125461255,8.5
1717985638,7.0,9.910701107011072,8.5
1717985950,7.0,9.908856088560887,8.5
1717986993,7.0,9.907011070110702,8.5
1717987393,7.0,9.905166051660517,8.5
1717988236,7.1000000000000005,9.903321033210332,8.5
1717988483,7.0,9.901476014760147,8.5
1717989401,7.0,9.899630996309964,8.5
1717989994,7.0,9.89778597785978,8.5
1717990580,7.0,9.895940959409595,8.5
1717990735,7.1000000000000005,9.89409594095941,8.5
1717991382,7.0,9.892250922509225,8.5
1717992100,7.1000000000000005,9.89040590405904,8.5
1717992685,23.2,9.888560885608857,8.5
1717993133,7.0,9.886715867158673,8.5
1717994021,7.0,9.884870848708488,8.5
1717994556,7.2,9.883025830258303,8.5
1717994915,7.0,9.881180811808118,8.5
1717995746,7.1000000000000005,9.879335793357935,8.5
1717996530,7.1000000000000005,9.87749077490775,8.5
1717997162,7.0,9.875645756457565,8.5
1717997806,7.0,9.87380073800738,8.5
1717998326,7.0,9.871955719557196,8.5
1717998989,7.1000000000000005,9.870110701107011,8.5
1717999487,7.0,9.868265682656828,8.5
1718000234,6.9,9.866420664206643,8.5
1718000739,7.0,9.864575645756458,8.5
1718001060,7.0,9.862730627306274,8.5
1718002000,7.0,9.860885608856089,8.5
1718002119,7.0,9.859040590405904,8.5
1718002787,7.5,9.857195571955721,8.5
1718003805,7.4,9.855350553505536,8.5
1718004328,7.1000000000000005,9.853505535055351,8.5
1718004589,7.1000000000000005,9.851660516605167,8.5
1718005567,7.0,9.849815498154982,8.5
1718006076,7.1000000000000005,9.847970479704799,8.5
1718006457,7.1000000000000005,9.846125461254614,8.5
1718007300,7.1000000000000005,9.844280442804429,8.5
1718007867,7.1000000000000005,9.842435424354244,8.5
1718009525,7.0,9.84059040590406,8.5
1718010868,7.1000000000000005,9.838745387453875,8.5
1718011599,7.0,9.836900369003692,8.5
1718012195,7.1000000000000005,9.835055350553507,8.5
1718012462,7.0,9.833210332103322,8.5
1718013093,7.0,9.831365313653137,8.5
1718014028,7.0,9.829520295202952,8.5
1718014370,7.0,9.827675276752768,8.5
1718014975,7.1000000000000005,9.825830258302584,8.5
1718015612,6.9,9.8239852398524,8.5
1718016364,7.0,9.822140221402215,8.5
1718016860,7.0,9.82029520295203,8.5
1718017501,7.1000000000000005,9.818450184501845,8.5
1718017884,7.0,9.81660516605166,8.5
1718018545,7.1000000000000005,9.814760147601477,8.5
1718019319,7.0,9.812915129151293,8.5
1718019962,7.0,9.811070110701108,8.5
1718020227,7.3,9.809225092250923,8.5
1718020916,7.0,9.807380073800738,8.5
1718021313,7.0,9.805535055350553,8.5
1718022261,7.1000000000000005,9.80369003690037,8.5
1718022940,7.5,9.801845018450186,8.5
1718023544,7.25,9.8,8.5
1718024234,7.0,9.866666666666667,8.5
1718024707,7.0,9.933333333333334,8.5
1718025024,7.0,10.0,8.5
1718025594,7.0,9.9,8.5
1718026631,7.0,9.2,8.5
1718027536,7.0,8.5,8.5
1718028343,7.0,8.6,8.5
1718028720,7.0,8.6,8.5
1718029568,7.0,8.7,8.5
1718029920,7.0,8.6,8.5
1718030727,7.0,8.8,8.5
1718031014,7.0,8.6,8.5
1718031850,7.0,8.7,8.5
1718032271,7.0,8.6,8.5
1718032822,7.0,8.6,8.5
1718033706,7.0,8.692307692307692,8.5
1718034219,7.0,8.784615384615384,8.5
1718034658,7.0,8.876923076923077,8.5
1718035425,7.1000000000000005,8.96923076923077,8.5
1718035997,7.0,9.061538461538461,8.5
1718036349,7.0,9.153846153846153,8.5
1718037323,7.2,9.246153846153847,8.5
1718037842,7.0,9.338461538461539,8.5
1718038454,7.0,9.430769230769231,8.5
1718038767,7.0,9.523076923076923,8.5
1718039451,7.7,9.615384615384617,8.5
1718040054,7.0,9.707692307692309,8.5
1718040578,6.983333333333333,9.8,8.5
1718041459,6.966666666666667,9.8,8.5
1718041736,6.95,11.4,8.5
1718042800,6.933333333333334,8.5,8.5
1718043083,6.916666666666667,8.7,8.5
1718043792,6.9,8.791666666666666,8.5
1718044368,6.9,8.883333333333333,8.5
1718044750,6.9,8.975,8.5
1718045715,7.0,9.066666666666666,8.5
1718046287,7.0,9.158333333333333,8.5
1718046950,7.1000000000000005,9.25,8.5
1718047437,6.9,9.341666666666667,8.5
1718047974,7.0,9.433333333333334,8.5
1718048626,7.5,9.525,8.5
1718049223,8.5,9.616666666666667,8.5
1718049784,7.0,9.708333333333334,8.5
1718050529,7.033333333333333,9.8,8.5
1718050785,7.066666666666667,9.8,8.5
1718051734,7.1000000000000005,9.790625,8.5
1718051995,7.1000000000000005,9.78125,8.5
1718052816,7.1000000000000005,9.771875000000001,8.5
1718053142,7.1000000000000005,9.762500000000001,8.5
1718054079,7.1000000000000005,9.753125,8.5
1718054414,7.1000000000000005,9.74375,8.5
1718054937,7.1000000000000005,9.734375,8.5
1718055726,7.1000000000000005,9.725000000000001,8.5
1718056451,7.1000000000000005,9.715625000000001,8.5
1718056976,7.1000000000000005,9.70625,8.5
1718057385,7.1000000000000005,9.696875,8.5
1718058245,20.2,9.6875,8.5
1718058598,7.1000000000000005,9.678125000000001,8.5
1718059585,9.1,9.668750000000001,8.5
1718059807,7.1000000000000005,9.659375,8.5
1718060685,7.1000000000000005,9.65,8.5
1718061344,7.1000000000000005,9.640625,8.5
1718062454,7.1000000000000005,9.631250000000001,8.5
1718063054,7.1000000000000005,9.621875000000001,8.5
1718063519,7.1000000000000005,9.6125,8.5
1718064151,7.2,9.603125,8.5
1718064604,7.1000000000000005,9.59375,8.5
1718065190,7.1000000000000005,9.584375000000001,8.5
1718065929,7.1000000000000005,9.575000000000001,8.5
1718066416,7.1000000000000005,9.565625,8.5
1718067240,7.1000000000000005,9.55625,8.5
1718067683,7.1000000000000005,9.546875,8.5
1718068278,7.1000000000000005,9.5375,8.5
1718069236,7.0,9.528125000000001,8.5
1718069436,7.1000000000000005,9.51875,8.5
1718070008,7.1000000000000005,9.509375,8.5
1718070581,7.1000000000000005,9.5,8.5
1718071157,7.1000000000000005,9.490625,8.5
1718072013,7.6,9.481250000000001,8.5
1718072427,7.1000000000000005,9.471875,8.5
1718073398,7.1000000000000005,9.4625,8.5
1718073798,7.1000000000000005,9.453125,8.5
1718074177,7.1000000000000005,9.44375,8.5
1718074944,7.2,9.434375000000001,8.5
1718075651,7.1000000000000005,9.425,8.5
1718076069,7.1000000000000005,9.415625,8.5
1718076954,7.1000000000000005,9.40625,8.5
1718077413,7.1000000000000005,9.396875,8.5
1718078169,7.1000000000000005,9.387500000000001,8.5
1718078755,7.1000000000000005,9.378125,8.5
1718078996,7.1000000000000005,9.36875,8.5
1718079635,7.1000000000000005,9.359375,8.5
1718080476,7.1000000000000005,9.35,8.5
1718080764,7.1000000000000005,9.340625000000001,8.5
1718081789,7.1000000000000005,9.33125,8.5
1718082180,7.1000000000000005,9.321875,8.5
1718082984,7.1000000000000005,9.3125,8.5
1718083172,7.1000000000000005,9.303125,8.5
1718083883,7.1000000000000005,9.293750000000001,8.5
1718084628,7.1000000000000005,9.284375,8.5
1718085276,8.6,9.275,8.5
1718085719,7.1000000000000005,9.265625,8.5
1718086359,7.1000000000000005,9.25625,8.5
1718087094,7.1000000000000005,9.246875,8.5
1718087748,7.5,9.2375,8.5
1718088207,7.1000000000000005,9.228125,8.5
1718088899,7.1000000000000005,9.21875,8.5
1718089185,7.1000000000000005,9.209375,8.5
1718089889,7.1000000000000005,9.2,8.5
1718090381,7.1000000000000005,9.190625,8.5
1718091092,7.1000000000000005,9.18125,8.5
1718091596,7.1000000000000005,9.171875,8.5
1718092394,7.1000000000000005,9.1625,8.5
1718093194,7.1000000000000005,9.153125,8.5
1718093755,7.1000000000000005,9.14375,8.5
1718093932,7.2,9.134375,8.5
1718094535,7.1000000000000005,9.125,8.5
1718095569,7.1000000000000005,9.115625,8.5
1718096211,7.1000000000000005,9.10625,8.5
1718096501,7.1000000000000005,9.096875,8.5
1718096989,7.1000000000000005,9.0875,8.5
1718098255,7.5,9.078125,8.5
1718098724,7.1000000000000005,9.06875,8.5
1718099392,7.1000000000000005,9.059375,8.5
1718100085,7.1000000000000005,9.05,8.5
1718100616,7.1000000000000005,9.040625,8.5
1718101409,7.1000000000000005,9.03125,8.5
1718101753,7.1000000000000005,9.021875,8.5
1718102757,7.1000000000000005,9.0125,8.5
1718103002,7.1000000000000005,9.003125,8.5
1718103928,7.1000000000000005,8.99375,8.5
1718104426,7.1000000000000005,8.984375,8.5
1718104762,7.1000000000000005,8.975,8.5
1718105699,7.0,8.965625,8.5
1718106020,7.1000000000000005,8.95625,8.5
1718106620,7.3,8.946875,8.5
1718107237,7.1000000000000005,8.9375,8.5
1718108123,7.2,8.928125,8.5
1718108515,7.1000000000000005,8.91875,8.5
1718109370,7.0,8.909375,8.5
1718109918,7.1000000000000005,8.9,8.5
1718110320,7.8,8.890625,8.5
1718111145,7.0,8.88125,8.5
1718111451,7.6,8.871875,8.5
1718112022,7.1000000000000005,8.8625,8.5
1718113028,7.1000000000000005,8.853125,8.5
1718113280,7.1000000000000005,8.84375,8.5
1718114204,7.0,8.834375,8.5
1718114439,7.5,8.825,8.5
1718115130,7.1000000000000005,8.815625,8.5
1718115972,7.1000000000000005,8.80625,8.5
1718116515,7.0,8.796875,8.5
1718116760,7.6,8.7875,8.5
1718117625,7.1000000000000005,8.778125,8.5
1718118212,7.0,8.76875,8.5
1718118511,7.1000000000000005,8.759375,8.5
1718119506,7.0,8.75,8.5
1718120036,7.0,8.740625,8.5
1718120543,7.1000000000000005,8.73125,8.5
1718121001,7.0,8.721875,8.5
1718121885,7.1000000000000005,8.7125,8.5
1718122176,7.1000000000000005,8.703125,8.5
1718122804,7.0,8.69375,8.5
1718123811,7.6,8.684375,8.5
1718124375,7.1000000000000005,8.675,8.5
1718124760,7.1000000000000005,8.665625,8.5
1718125350,7.0,8.65625,8.5
1718125715,7.1000000000000005,8.646875,8.5
1718126584,7.1000000000000005,8.6375,8.5
1718127112,7.1000000000000005,8.628124999999999,8.5
1718127742,7.2,8.61875,8.5
1718128353,7.0,8.609375,8.5
1718128919,7.0,8.6,8.5
1718129782,7.0,8.5,8.5
1718130369,7.0,8.5,8.5
1718130895,7.0,8.5,8.5
1718131301,6.9,8.5,8.5
1718131786,6.9,8.5,8.5
1718132680,6.9,8.5,8.5
1718133240,6.9,8.5,8.5
1718133707,9.9,8.5,8.5
1718134325,7.0,8.5,8.5
1718134797,7.0,8.5,8.5
1718135509,6.9,8.5,8.5
1718136246,8.7,8.5,8.5
1718136646,6.9,8.5,8.5
1718137311,7.6,8.5,8.5
1718137846,7.0,8.5,8.5
1718138481,7.15,8.5,8.5
1718139142,7.3,8.516666666666667,8.5
1718139859,7.1000000000000005,8.533333333333333,8.5
1718140180,7.1000000000000005,8.55,8.5
1718140849,7.1000000000000005,8.566666666666666,8.5
1718141361,7.4,8.583333333333334,8.5
1718142059,7.1000000000000005,8.6,8.5
1718142983,7.1000000000000005,8.616666666666667,8.5
1718143319,7.1000000000000005,8.633333333333333,8.5
1718143734,7.2,8.65,8.5
1718144628,7.1000000000000005,8.666666666666666,8.5
1718145380,7.0,8.683333333333334,8.5
1718145685,7.1000000000000005,8.7,8.5
1718146173,7.1000000000000005,8.716666666666667,8.5
1718146994,7.1000000000000005,8.733333333333334,8.5
1718147436,7.1000000000000005,8.75,8.5
1718148180,7.0,8.766666666666667,8.5
1718148662,7.1000000000000005,8.783333333333333,8.5
1718149557,7.1000000000000005,8.8,8.5
1718150124,7.0,8.816666666666666,8.5
1718150522,7.1000000000000005,8.833333333333334,8.5
1718151037,7.1000000000000005,8.85,8.5
1718152014,7.1000000000000005,8.866666666666667,8.5
1718152125,7.1000000000000005,8.883333333333333,8.5
1718153223,7.2,8.9,8.5
1718153367,7.2,8.916666666666666,8.5
1718154282,7.1000000000000005,8.933333333333334,8.5
1718154875,7.1000000000000005,8.950000000000001,8.5
1718155558,7.1000000000000005,8.966666666666667,8.5
1718155714,7.1000000000000005,8.983333333333334,8.5
1718156338,7.1000000000000005,9.0,8.5
1718157336,7.1000000000000005,9.016666666666667,8.5
1718157820,7.1000000000000005,9.033333333333333,8.5
1718158192,7.1000000000000005,9.05,8.5
1718158752,7.1000000000000005,9.066666666666666,8.5
1718159757,7.1000000000000005,9.083333333333334,8.5
1718159981,7.1000000000000005,9.1,8.5
1718160845,7.3,9.116666666666667,8.5
1718161153,7.1000000000000005,9.133333333333333,8.5
1718161719,7.1000000000000005,9.15,8.5
1718162574,7.1000000000000005,9.166666666666668,8.5
1718163086,7.1000000000000005,9.183333333333334,8.5
1718164028,7.4,9.200000000000001,8.5
1718164527,7.1000000000000005,9.216666666666667,8.5
1718165177,7.1000000000000005,9.233333333333334,8.5
1718165475,7.0,9.25,8.5
1718165981,7.1000000000000005,9.266666666666667,8.5
1718166956,7.1000000000000005,9.283333333333333,8.5
1718167494,7.1000000000000005,9.3,8.5
1718167800,7.1000000000000005,9.316666666666666,8.5
1718168377,7.2,9.333333333333334,8.5
1718169210,7.1000000000000005,9.350000000000001,8.5
1718169763,7.1000000000000005,9.366666666666667,8.5
1718170250,7.1000000000000005,9.383333333333335,8.5
1718171179,7.1000000000000005,9.4,8.5
1718171461,7.1000000000000005,9.416666666666668,8.5
1718172258,7.1000000000000005,9.433333333333334,8.5
1718172716,7.3,9.450000000000001,8.5
1718173227,7.1000000000000005,9.466666666666667,8.5
1718174017,7.5,9.483333333333334,8.5
1718174419,7.3,9.5,8.5
1718174988,7.3,9.516666666666667,8.5
1718176016,8.6,9.533333333333333,8.5
1718176129,7.1000000000000005,9.55,8.5
1718177216,7.1000000000000005,9.566666666666666,8.5
1718178386,7.1000000000000005,9.583333333333334,8.5
1718178519,7.1000000000000005,9.600000000000001,8.5
1718179340,7.1000000000000005,9.616666666666667,8.5
1718180210,7.1000000000000005,9.633333333333335,8.5
1718180452,7.1000000000000005,9.65,8.5
1718181155,7.1000000000000005,9.666666666666668,8.5
1718181599,7.1000000000000005,9.683333333333334,8.5
1718182938,7.1000000000000005,9.700000000000001,8.5
1718184431,7.1000000000000005,9.716666666666667,8.5
1718184681,7.1000000000000005,9.733333333333334,8.5
1718186216,7.1000000000000005,9.75,8.5
1718187085,7.1000000000000005,9.766666666666667,8.5
1718187838,7.1000000000000005,9.783333333333335,8.5
1718189095,7.1000000000000005,9.8,8.5
1718189426,7.1000000000000005,10.1,8.5
1718190375,7.1000000000000005,10.094,8.5
1718190906,7.1000000000000005,10.088,8.5
1718191423,7.1000000000000005,10.081999999999999,8.5
1718192149,7.1000000000000005,10.076,8.5
1718192777,7.0,10.07,8.5
1718193080,7.1000000000000005,10.064,8.5
1718193819,7.1000000000000005,10.058,8.5
1718194536,7.1000000000000005,10.052,8.5
1718194836,7.1000000000000005,10.046,8.5
1718195492,7.2,10.04,8.5
1718196382,7.0,10.034,8.5
1718197032,9.5,10.028,8.5
1718197152,7.0,10.022,8.5
1718198045,7.1000000000000005,10.016,8.5
1718198569,7.0,10.01,8.5
1718199150,7.1000000000000005,10.004,8.5
1718199911,7.0,9.998,8.5
1718200318,7.7,9.992,8.5
1718200871,7.1000000000000005,9.986,8.5
1718201793,7.1000000000000005,9.98,8.5
1718202190,7.1000000000000005,9.974,8.5
1718202908,7.0,9.968,8.5
1718203243,7.1000000000000005,9.962,8.5
1718203895,36.0,9.956,8.5
1718204673,7.2,9.95,8.5
1718204954,7.1000000000000005,9.944,8.5
1718205938,7.0,9.938,8.5
1718206434,7.1000000000000005,9.932,8.5
1718207216,7.0,9.926,8.5
1718207520,7.1000000000000005,9.92,8.5
1718208155,7.1000000000000005,9.914,8.5
1718208924,7.6,9.908,8.5
1718209548,7.1000000000000005,9.902000000000001,8.5
1718209982,7.2,9.896,8.5
1718210519,8.0,9.89,8.5
1718211389,7.1000000000000005,9.884,8.5
1718211733,7.1000000000000005,9.878,8.5
1718212405,7.1000000000000005,9.872,8.5
1718212723,7.1000000000000005,9.866,8.5
1718213402,7.1000000000000005,9.860000000000001,8.5
1718214217,10.9,9.854000000000001,8.5
1718214925,7.1000000000000005,9.848,8.5
1718215124,7.1000000000000005,9.842,8.5
1718216032,7.0,9.836,8.5
1718216813,7.2,9.83,8.5
1718216956,7.1000000000000005,9.824,8.5
1718217709,7.1000000000000005,9.818000000000001,8.5
1718218323,7.1000000000000005,9.812000000000001,8.5
1718218716,7.1000000000000005,9.806000000000001,8.5
1718219747,7.050000000000001,9.8,8.5
1718220144,7.0,9.8,8.5
1718220853,7.025,9.8,8.5
1718221303,7.050000000000001,9.8,8.5
1718221731,7.075,9.8,8.5
1718222345,7.1000000000000005,9.800518134715027,8.5
1718223057,7.0,9.801036269430053,8.5
1718223655,7.0,9.801554404145078,8.5
1718224902,7.1000000000000005,9.802072538860104,8.5
1718225398,7.8,9.80259067357513,8.5
1718226193,7.1000000000000005,9.803108808290157,8.5
1718226865,7.1000000000000005,9.803626943005183,8.5
1718227278,7.1000000000000005,9.804145077720207,8.5
1718228139,9.7,9.804663212435234,8.5
1718228689,7.1000000000000005,9.80518134715026,8.5
1718228953,7.1000000000000005,9.805699481865286,8.5
1718230334,7.1000000000000005,9.806217616580312,8.5
1718231056,7.1000000000000005,9.806735751295337,8.5
1718231607,7.1000000000000005,9.807253886010363,8.5
1718232142,7.1000000000000005,9.80777202072539,8.5
1718232509,7.1000000000000005,9.808290155440416,8.5
1718233110,7.1000000000000005,9.808808290155442,8.5
1718233948,7.2,9.809326424870466,8.5
1718234531,7.1000000000000005,9.809844559585493,8.5
1718235127,7.1000000000000005,9.810362694300519,8.5
1718235572,7.1000000000000005,9.810880829015545,8.5
1718236562,7.1000000000000005,9.811398963730571,8.5
1718237170,7.1000000000000005,9.811917098445596,8.5
1718237796,7.1000000000000005,9.812435233160622,8.5
1718237909,7.1000000000000005,9.812953367875648,8.5
1718238529,7.1000000000000005,9.813471502590675,8.5
1718239146,8.7,9.813989637305701,8.5
1718239841,7.1000000000000005,9.814507772020725,8.5
1718240793,7.2,9.815025906735752,8.5
1718240950,7.1000000000000005,9.815544041450778,8.5
1718241677,7.1000000000000005,9.816062176165804,8.5
1718242312,7.1000000000000005,9.81658031088083,8.5
1718242782,7.1000000000000005,9.817098445595855,8.5
1718243498,7.1000000000000005,9.817616580310881,8.5
1718244367,7.1000000000000005,9.818134715025908,8.5
1718244505,7.1000000000000005,9.818652849740934,8.5
1718245124,7.1000000000000005,9.81917098445596,8.5
1718245975,7.1000000000000005,9.819689119170985,8.5
1718246664,7.1000000000000005,9.82020725388601,8.5
1718247245,7.1000000000000005,9.820725388601037,8.5
1718247873,7.1000000000000005,9.821243523316063,8.5
1718248165,88.5,9.82176165803109,8.5
1718248914,7.1000000000000005,9.822279792746114,8.5
1718249346,9.7,9.82279792746114,8.5
1718250357,7.1000000000000005,9.823316062176167,8.5
1718250770,7.3,9.823834196891193,8.5
1718251274,7.1000000000000005,9.82435233160622,8.5
1718252126,7.1000000000000005,9.824870466321244,8.5
1718252480,7.1000000000000005,9.82538860103627,8.5
1718253372,7.1000000000000005,9.825906735751296,8.5
1718253619,7.6,9.826424870466322,8.5
1718254561,7.2,9.826943005181347,8.5
1718254855,7.1000000000000005,9.827461139896373,8.5
1718255322,7.1000000000000005,9.8279792746114,8.5
1718255919,7.2,9.828497409326426,8.5
1718256980,7.1000000000000005,9.829015544041452,8.5
1718257621,7.3,9.829533678756476,8.5
1718257913,7.1000000000000005,9.830051813471503,8.5
1718258544,7.8,9.830569948186529,8.5
1718259168,7.3,9.831088082901555,8.5
1718259867,7.1000000000000005,9.831606217616581,8.5
1718260537,7.2,9.832124352331606,8.5
1718261108,7.1000000000000005,9.832642487046632,8.5
1718262117,7.3,9.833160621761659,8.5
1718262757,7.1000000000000005,9.833678756476685,8.5
1718263380,7.1000000000000005,9.834196891191711,8.5
1718263955,7.1000000000000005,9.834715025906736,8.5
1718264729,7.1000000000000005,9.835233160621762,8.5
1718265421,7.1000000000000005,9.835751295336788,8.5
1718266769,7.1000000000000005,9.836269430051814,8.5
1718268270,7.1000000000000005,9.83678756476684,8.5
1718268875,7.0,9.837305699481865,8.5
1718269191,7.1000000000000005,9.837823834196891,8.5
1718270038,7.1000000000000005,9.838341968911918,8.5
1718270445,7.1000000000000005,9.838860103626944,8.5
1718271080,7.1000000000000005,9.83937823834197,8.5
1718272035,7.3,9.839896373056995,8.5
1718272335,7.1000000000000005,9.84041450777202,8.5
1718272899,7.1000000000000005,9.840932642487047,8.5
1718273778,7.1000000000000005,9.841450777202073,8.5
1718274154,7.1000000000000005,9.8419689119171,8.5
1718274926,7.2,9.842487046632124,8.5
1718275346,7.1000000000000005,9.84300518134715,8.5
1718275960,7.1000000000000005,9.843523316062177,8.5
1718276622,7.0,9.844041450777203,8.5
1718277219,7.0,9.84455958549223,8.5
1718277822,7.1000000000000005,9.845077720207254,8.5
1718278478,7.1000000000000005,9.84559585492228,8.5
1718278906,7.0,9.846113989637306,8.5
1718279781,7.1000000000000005,9.846632124352332,8.5
1718280008,7.1000000000000005,9.847150259067359,8.5
1718281017,7.0,9.847668393782383,8.5
1718281333,7.8,9.84818652849741,8.5
1718282227,7.1000000000000005,9.848704663212436,8.5
1718282497,7.1000000000000005,9.849222797927462,8.5
1718283150,7.1000000000000005,9.849740932642488,8.5
1718283630,7.1000000000000005,9.850259067357513,8.5
1718284243,7.1000000000000005,9.850777202072539,8.5
1718285126,7.0,9.851295336787565,8.5
1718286106,7.1000000000000005,9.851813471502592,8.5
1718286522,7.0,9.852331606217618,8.5
1718287133,7.1000000000000005,9.852849740932642,8.5
1718288147,7.1000000000000005,9.853367875647669,8.5
1718288806,7.1000000000000005,9.853886010362695,8.5
1718289080,7.2,9.854404145077721,8.5
1718290005,7.1000000000000005,9.854922279792747,8.5
1718290608,7.0,9.855440414507772,8.5
1718291015,7.1000000000000005,9.855958549222798,8.5
1718291718,7.1000000000000005,9.856476683937824,8.5
1718292520,7.1000000000000005,9.85699481865285,8.5
1718293450,7.1000000000000005,9.857512953367877,8.5
1718293838,7.1000000000000005,9.858031088082901,8.5
1718294462,7.1000000000000005,9.858549222797928,8.5
1718295399,7.0,9.859067357512954,8.5
1718295873,7.0,9.85958549222798,8.5
1718296319,7.0,9.860103626943006,8.5
1718296794,7.1000000000000005,9.860621761658031,8.5
1718297556,7.1000000000000005,9.861139896373057,8.5
1718298020,7.0,9.861658031088083,8.5
1718298880,7.1000000000000005,9.86217616580311,8.5
1718299210,7.1000000000000005,9.862694300518136,8.5
1718299881,7.2,9.86321243523316,8.5
1718300464,7.1000000000000005,9.863730569948187,8.5
1718301040,7.0,9.864248704663213,8.5
1718301607,7.0,9.86476683937824,8.5
1718302307,11.2,9.865284974093266,8.5
1718303180,7.0,9.86580310880829,8.5
1718303754,7.2,9.866321243523316,8.5
1718304114,7.0,9.866839378238343,8.5
1718304886,7.1000000000000005,9.867357512953369,8.5
1718305191,7.1000000000000005,9.867875647668395,8.5
1718305991,7.1000000000000005,9.86839378238342,8.5
1718306630,7.1000000000000005,9.868911917098446,8.5
1718307101,7.0,9.869430051813472,8.5
1718307719,7.1000000000000005,9.869948186528498,8.5
1718308132,7.1000000000000005,9.870466321243525,8.5
1718308709,7.1000000000000005,9.87098445595855,8.5
1718309760,7.1000000000000005,9.871502590673575,8.5
1718309928,7.1000000000000005,9.872020725388602,8.5
1718310556,7.1000000000000005,9.872538860103628,8.5
1718311283,7.1000000000000005,9.873056994818654,8.5
1718311883,7.1000000000000005,9.873575129533679,8.5
1718312606,7.1000000000000005,9.874093264248705,8.5
1718313250,7.1000000000000005,9.874611398963731,8.5
1718314007,9.5,9.875129533678757,8.5
1718314584,7.3,9.875647668393782,8.5
1718315225,7.2,9.876165803108808,8.5
1718315450,7.4,9.876683937823834,8.5
1718315973,7.1000000000000005,9.87720207253886,8.5
1718316902,7.1000000000000005,9.877720207253887,8.5
1718317152,7.1000000000000005,9.878238341968911,8.5
1718318112,7.1000000000000005,9.878756476683938,8.5
1718318668,7.1000000000000005,9.879274611398964,8.5
1718319224,7.1000000000000005,9.87979274611399,8.5
1718319721,7.1000000000000005,9.880310880829017,8.5
1718320352,7.1000000000000005,9.880829015544041,8.5
1718321046,9.0,9.881347150259067,8.5
1718321403,7.1000000000000005,9.881865284974094,8.5
1718321994,7.1000000000000005,9.88238341968912,8.5
1718322963,7.2,9.882901554404146,8.5
1718323382,22.700000000000003,9.88341968911917,8.5
1718324129,7.1000000000000005,9.883937823834197,8.5
1718324430,21.4,9.884455958549223,8.5
1718325141,7.1000000000000005,9.88497409326425,8.5
1718326030,7.1000000000000005,9.885492227979276,8.5
1718326197,7.1000000000000005,9.8860103626943,8.5
1718326885,7.1000000000000005,9.886528497409326,8.5
1718327750,7.1000000000000005,9.887046632124353,8.5
1718328137,7.4,9.887564766839379,8.5
1718328778,7.1000000000000005,9.888082901554405,8.5
1718329480,7.2,9.88860103626943,8.5
1718330087,7.1000000000000005,9.889119170984456,8.5
1718330310,7.1000000000000005,9.889637305699482,8.5
1718331224,7.1000000000000005,9.890155440414508,8.5
1718331818,7.2,9.890673575129535,8.5
1718332606,7.2,9.89119170984456,8.5
1718333040,7.1000000000000005,9.891709844559585,8.5
1718333657,7.1000000000000005,9.892227979274612,8.5
1718334329,7.1000000000000005,9.892746113989638,8.5
1718334899,7.1000000000000005,9.893264248704664,8.5
1718335208,7.0,9.893782383419689,8.5
1718336046,9.5,9.894300518134715,8.5
1718336793,7.1000000000000005,9.894818652849741,8.5
1718336937,7.1000000000000005,9.895336787564768,8.5
1718337748,7.1000000000000005,9.895854922279794,8.5
1718338598,7.1000000000000005,9.896373056994818,8.5
1718338754,7.1000000000000005,9.896891191709845,8.5
1718339569,7.1000000000000005,9.89740932642487,8.5
1718340775,7.1000000000000005,9.897927461139897,8.5
1718341109,7.1000000000000005,9.898445595854923,8.5
1718342114,7.1000000000000005,9.898963730569948,8.5
1718342349,7.1000000000000005,9.899481865284974,8.5
1718343325,7.166666666666667,9.9,8.5
1718344018,7.233333333333333,9.9,8.5
1718344293,7.3,9.89655172413793,8.5
1718344966,7.3,9.893103448275863,8.5
1718345400,7.3,9.889655172413793,8.5
1718346272,7.3,9.886206896551725,8.5
1718346702,7.3,9.882758620689655,8.5
1718347571,7.3,9.879310344827587,8.5
1718349266,7.3,9.875862068965517,8.5
1718349571,7.3,9.872413793103448,8.5
1718350389,7.3,9.86896551724138,8.5
1718351179,7.3,9.86551724137931,8.5
1718351516,8.0,9.862068965517242,8.5
1718352793,7.3,9.858620689655172,8.5
1718354087,7.3,9.855172413793104,8.5
1718355060,7.3,9.851724137931035,8.5
1718356017,7.2,9.848275862068965,8.5
1718356320,7.3,9.844827586206897,8.5
1718356895,7.3,9.841379310344827,8.5
1718357365,7.3,9.837931034482759,8.5
1718358380,8.0,9.83448275862069,8.5
1718358775,7.3,9.831034482758621,8.5
1718359167,7.3,9.827586206896552,8.5
1718360488,7.3,9.824137931034482,8.5
1718362005,7.2,9.820689655172414,8.5
1718362420,7.2,9.817241379310344,8.5
1718362983,7.3,9.813793103448276,8.5
1718363337,7.2,9.810344827586206,8.5
1718364179,7.3,9.806896551724138,8.5
1718365012,7.6,9.803448275862069,8.5
1718365277,7.2,9.8,8.5
1718366098,7.2,9.796551724137931,8.5
1718366824,7.5,9.793103448275861,8.5
1718368036,7.2,9.789655172413793,8.5
1718368511,7.6,9.786206896551723,8.5
1718369142,7.2,9.782758620689656,8.5
1718369790,7.2,9.779310344827586,8.5
1718370324,7.8,9.775862068965518,8.5
1718371004,7.3,9.772413793103448,8.5
1718371578,7.2,9.768965517241378,8.5
1718371837,7.2,9.76551724137931,8.5
1718372426,7.1000000000000005,9.76206896551724,8.5
1718373073,7.3,9.758620689655173,8.5
1718374035,7.3,9.755172413793103,8.5
1718374553,7.3,9.751724137931035,8.5
1718375075,7.2,9.748275862068965,8.5
1718375526,7.3,9.744827586206895,8.5
1718376059,7.2,9.741379310344827,8.5
1718376822,7.2,9.737931034482758,8.5
1718377518,7.2,9.73448275862069,8.5
1718377846,7.2,9.73103448275862,8.5
1718378390,7.3,9.727586206896552,8.5
1718378946,9.7,9.724137931034482,8.5
1718379528,7.3,9.720689655172412,8.5
1718380528,7.2,9.717241379310344,8.5
1718380808,7.2,9.713793103448275,8.5
1718381505,8.200000000000001,9.710344827586207,8.5
1718382181,7.2,9.706896551724137,8.5
1718382821,7.3,9.703448275862069,8.5
1718383601,7.5,9.7,8.5
1718383906,7.7,9.1,8.5
1718384797,7.466666666666667,8.5,8.5
1718385418,7.233333333333333,8.6,8.5
1718385667,7.0,9.2,8.5
1718386438,7.033333333333333,9.8,8.5
1718386915,7.066666666666667,10.5,8.5
1718387457,7.1000000000000005,10.491555555555555,8.5
1718388095,7.0,10.48311111111111,8.5
1718389398,108.5,10.474666666666666,8.5
1718389780,7.1000000000000005,10.466222222222223,8.5
1718390807,9.6,10.457777777777778,8.5
1718390998,7.0,10.449333333333334,8.5
1718391660,7.0,10.440888888888889,8.5
1718392447,9.5,10.432444444444444,8.5
1718392834,7.1000000000000005,10.424,8.5
1718393734,7.0,10.415555555555555,8.5
1718394171,7.1000000000000005,10.407111111111112,8.5
1718394783,7.1000000000000005,10.398666666666667,8.5
1718395285,7.2,10.390222222222222,8.5
1718396160,7.1000000000000005,10.381777777777778,8.5
1718396347,7.1000000000000005,10.373333333333333,8.5
1718397154,7.0,10.364888888888888,8.5
1718397644,7.1000000000000005,10.356444444444444,8.5
1718398406,19.9,10.348,8.5
1718398933,7.2,10.339555555555556,8.5
1718399466,7.1000000000000005,10.331111111111111,8.5
1718400199,7.1000000000000005,10.322666666666667,8.5
1718400980,7.1000000000000005,10.314222222222222,8.5
1718401457,7.1000000000000005,10.305777777777777,8.5
1718401852,7.1000000000000005,10.297333333333333,8.5
1718402823,7.1000000000000005,10.28888888888889,8.5
1718403424,7.5,10.280444444444445,8.5
1718403957,7.0,10.272,8.5
1718404399,7.1000000000000005,10.263555555555556,8.5
1718405479,7.1000000000000005,10.25511111111111,8.5
1718406223,7.1000000000000005,10.246666666666666,8.5
1718406761,7.3,10.238222222222221,8.5
1718407471,7.3,10.229777777777779,8.5
1718408140,7.2,10.221333333333334,8.5
1718408404,7.1000000000000005,10.21288888888889,8.5
1718409152,7.2,10.204444444444444,8.5
1718409753,7.4,10.196,8.5
1718410248,7.1000000000000005,10.187555555555555,8.5
1718410962,7.1000000000000005,10.17911111111111,8.5
1718411337,7.1000000000000005,10.170666666666667,8.5
1718412095,7.1000000000000005,10.162222222222223,8.5
1718412710,7.1000000000000005,10.153777777777778,8.5
1718413342,7.1000000000000005,10.145333333333333,8.5
1718413871,7.1000000000000005,10.136888888888889,8.5
1718414482,7.1000000000000005,10.128444444444444,8.5
1718415130,7.1000000000000005,10.12,8.5
1718416000,7.1000000000000005,10.111555555555556,8.5
1718416342,7.0,10.103111111111112,8.5
1718416847,7.2,10.094666666666667,8.5
1718417440,7.1000000000000005,10.086222222222222,8.5
1718418295,7.2,10.077777777777778,8.5
1718418539,7.1000000000000005,10.069333333333333,8.5
1718419501,7.1000000000000005,10.060888888888888,8.5
1718419860,7.1000000000000005,10.052444444444445,8.5
1718420790,7.1000000000000005,10.044,8.5
1718421048,7.9,10.035555555555556,8.5
1718421914,7.0,10.027111111111111,8.5
1718422505,7.1000000000000005,10.018666666666666,8.5
1718422715,7.1000000000000005,10.010222222222222,8.5
1718423784,7.1000000000000005,10.001777777777777,8.5
1718423933,7.1000000000000005,9.993333333333334,8.5
1718425015,7.4,9.98488888888889,8.5
1718425143,7.1000000000000005,9.976444444444445,8.5
1718426121,7.1000000000000005,9.968,8.5
1718426797,7.1000000000000005,9.959555555555555,8.5
1718426926,7.1000000000000005,9.95111111111111,8.5
1718427542,7.1000000000000005,9.942666666666666,8.5
1718428357,7.1000000000000005,9.934222222222223,8.5
1718429223,7.1000000000000005,9.925777777777778,8.5
1718429568,7.1000000000000005,9.917333333333334,8.5
1718430138,7.1000000000000005,9.908888888888889,8.5
1718430639,7.1000000000000005,9.900444444444444,8.5
1718431453,7.1000000000000005,9.892,8.5
1718431881,7.2,9.883555555555555,8.5
1718432759,7.1000000000000005,9.875111111111112,8.5
1718433427,7.1000000000000005,9.866666666666667,8.5
1718433729,7.1000000000000005,9.858222222222222,8.5
1718434564,7.1000000000000005,9.849777777777778,8.5
1718434760,7.1000000000000005,9.841333333333333,8.5
1718435611,7.1000000000000005,9.832888888888888,8.5
1718436148,7.1000000000000005,9.824444444444444,8.5
1718436905,7.2,9.816,8.5
1718437542,7.0,9.807555555555556,8.5
1718437933,7.1000000000000005,9.799111111111111,8.5
1718438755,7.1000000000000005,9.790666666666667,8.5
1718439862,7.1000000000000005,9.782222222222222,8.5
1718440295,7.2,9.773777777777777,8.5
1718441201,7.3,9.765333333333333,8.5
1718441718,7.1000000000000005,9.75688888888889,8.5
1718442352,7.2,9.748444444444445,8.5
1718442532,7.2,9.74,8.5
1718443606,7.1000000000000005,9.731555555555556,8.5
1718444049,7.1000000000000005,9.72311111111111,8.5
1718444578,7.2,9.714666666666666,8.5
1718444964,7.2,9.706222222222221,8.5
1718445772,7.1000000000000005,9.697777777777778,8.5
1718446415,7.1000000000000005,9.689333333333334,8.5
1718446892,7.2,9.680888888888889,8.5
1718447687,7.1000000000000005,9.672444444444444,8.5
1718448036,7.1000000000000005,9.664,8.5
1718448760,7.1000000000000005,9.655555555555555,8.5
1718449596,7.1000000000000005,9.64711111111111,8.5
1718450133,7.1000000000000005,9.638666666666667,8.5
1718450365,7.2,9.630222222222223,8.5
1718451191,7.1000000000000005,9.621777777777778,8.5
1718451757,7.1000000000000005,9.613333333333333,8.5
1718452158,7.1000000000000005,9.604888888888889,8.5
1718453095,7.1000000000000005,9.596444444444444,8.5
1718453793,7.2,9.588,8.5
1718454347,7.1000000000000005,9.579555555555556,8.5
1718455008,7.1000000000000005,9.571111111111112,8.5
1718455442,7.1000000000000005,9.562666666666667,8.5
1718455715,7.1000000000000005,9.554222222222222,8.5
1718456498,7.1000000000000005,9.545777777777777,8.5
1718457070,7.0,9.537333333333333,8.5
1718457777,7.1000000000000005,9.528888888888888,8.5
1718755407,7.1000000000000005,9.520444444444445,8.5
1718755795,7.1000000000000005,9.512,8.5
1718756477,7.1000000000000005,9.503555555555556,8.5
1718757050,7.1000000000000005,9.495111111111111,8.5
1718757629,7.1000000000000005,9.486666666666666,8.5
1718759127,7.1000000000000005,9.478222222222222,8.5
1718759371,7.2,9.469777777777777,8.5
1718760294,7.1000000000000005,9.461333333333332,8.5
1718760859,7.2,9.45288888888889,8.5
1718761431,7.1000000000000005,9.444444444444445,8.5
1718762154,7.1000000000000005,9.436,8.5
1718762509,7.2,9.427555555555555,8.5
1718763096,7.1000000000000005,9.41911111111111,8.5
1718763647,7.1000000000000005,9.410666666666666,8.5
1718764622,7.1000000000000005,9.402222222222221,8.5
1718764991,7.1000000000000005,9.393777777777778,8.5
1718765833,7.0,9.385333333333334,8.5
1718766041,7.0,9.376888888888889,8.5
1718767000,65.5,9.368444444444444,8.5
1718767261,7.1000000000000005,9.36,8.5
1718768211,7.2,9.351555555555555,8.5
1718768436,7.1000000000000005,9.34311111111111,8.5
1718769373,7.1000000000000005,9.334666666666667,8.5
1718769621,7.1000000000000005,9.326222222222222,8.5
1718770130,7.1000000000000005,9.317777777777778,8.5
1718770825,7.1000000000000005,9.309333333333333,8.5
1718771832,7.1000000000000005,9.300888888888888,8.5
1718772317,7.5,9.292444444444444,8.5
1718772609,7.0,9.283999999999999,8.5
1718773203,7.1000000000000005,9.275555555555556,8.5
1718773842,7.1000000000000005,9.267111111111111,8.5
1718774816,7.5,9.258666666666667,8.5
1718775070,7.1000000000000005,9.250222222222222,8.5
1718775983,7.1000000000000005,9.241777777777777,8.5
1718776454,7.1000000000000005,9.233333333333333,8.5
1718777056,7.1000000000000005,9.224888888888888,8.5
1718777478,7.1000000000000005,9.216444444444445,8.5
1718778351,7.2,9.208,8.5
1718778880,7.2,9.199555555555555,8.5
1718779545,7.1000000000000005,9.19111111111111,8.5
1718780099,7.1000000000000005,9.182666666666666,8.5
1718780564,7.1000000000000005,9.174222222222221,8.5
1718780934,7.2,9.165777777777777,8.5
1718781772,7.1000000000000005,9.157333333333334,8.5
1718782443,7.1000000000000005,9.148888888888889,8.5
1718783217,7.1000000000000005,9.140444444444444,8.5
1718783557,7.1000000000000005,9.132,8.5
1718784007,7.1000000000000005,9.123555555555555,8.5
1718784884,7.2,9.11511111111111,8.5
1718785503,7.1000000000000005,9.106666666666666,8.5
1718785860,7.1000000000000005,9.098222222222223,8.5
1718786534,7.1000000000000005,9.089777777777778,8.5
1718789146,7.1000000000000005,9.081333333333333,8.5
1718789796,7.1000000000000005,9.072888888888889,8.5
1718790340,7.1000000000000005,9.064444444444444,8.5
1718791511,7.1000000000000005,9.056,8.5
1718792228,7.1000000000000005,9.047555555555554,8.5
1718792810,7.6,9.039111111111112,8.5
1718792919,7.1000000000000005,9.030666666666667,8.5
1718793535,7.3,9.022222222222222,8.5
1718794307,10.5,9.013777777777777,8.5
1718794800,7.1000000000000005,9.005333333333333,8.5
1718795420,7.7,8.996888888888888,8.5
1718796361,7.1000000000000005,8.988444444444443,8.5
1718796928,7.1000000000000005,8.98,8.5
1718797367,7.1000000000000005,8.971555555555556,8.5
1718797972,7.1000000000000005,8.963111111111111,8.5
1718798405,7.1000000000000005,8.954666666666666,8.5
1718799090,7.1000000000000005,8.946222222222222,8.5
1718799723,7.1000000000000005,8.937777777777777,8.5
1718800357,7.0,8.929333333333332,8.5
1718800718,7.1000000000000005,8.92088888888889,8.5
1718801312,7.1000000000000005,8.912444444444445,8.5
1718802412,7.1000000000000005,8.904,8.5
1718802593,7.1000000000000005,8.895555555555555,8.5
1718803340,7.2,8.88711111111111,8.5
1718803838,7.0,8.878666666666666,8.5
1718804610,7.1000000000000005,8.870222222222221,8.5
1718805321,7.1000000000000005,8.861777777777778,8.5
1718806296,7.0,8.853333333333333,8.5
1718807113,7.1000000000000005,8.844888888888889,8.5
1718807491,7.1000000000000005,8.836444444444444,8.5
1718808357,7.1000000000000005,8.828,8.5
1718808727,7.1000000000000005,8.819555555555555,8.5
1718809192,7.1000000000000005,8.81111111111111,8.5
1718809857,7.0,8.802666666666667,8.5
1718810328,7.1000000000000005,8.794222222222222,8.5
1718810960,7.1000000000000005,8.785777777777778,8.5
1718811595,7.1000000000000005,8.777333333333333,8.5
1718812563,7.1000000000000005,8.768888888888888,8.5
1718812980,7.1000000000000005,8.760444444444444,8.5
1718813351,7.1000000000000005,8.751999999999999,8.5
1718814380,7.1000000000000005,8.743555555555556,8.5
1718814665,7.1000000000000005,8.735111111111111,8.5
1718815201,7.1000000000000005,8.726666666666667,8.5
1718815829,7.0,8.718222222222222,8.5
1718816435,7.1000000000000005,8.709777777777777,8.5
1718817135,7.0,8.701333333333332,8.5
1718817727,7.1000000000000005,8.692888888888888,8.5
1718818491,7.1000000000000005,8.684444444444445,8.5
1718819159,7.1000000000000005,8.676,8.5
1718819785,7.0,8.667555555555555,8.5
1718820298,7.1000000000000005,8.65911111111111,8.5
1718820547,9.0,8.650666666666666,8.5
1718821235,7.1000000000000005,8.642222222222221,8.5
1718822206,7.0,8.633777777777777,8.5
1718822540,7.1000000000000005,8.625333333333334,8.5
1718823017,7.3,8.616888888888889,8.5
1718823549,7.1000000000000005,8.608444444444444,8.5
1718824498,7.1000000000000005,8.6,8.5
1718825052,7.1000000000000005,8.6,8.5
1718825832,7.1000000000000005,14.3,8.5
1718826356,7.1000000000000005,8.6,8.5
1718826889,7.1000000000000005,8.6,8.5
1718827599,7.4,8.6,8.5
1718827870,17.5,8.6,8.5
1718828317,7.2,8.6,8.5
1718829001,7.1000000000000005,8.6,8.5
1718829616,24.4,8.6,8.5
1718830314,9.1,8.6,8.5
1718830889,7.4,8.6,8.5
1718831510,7.1000000000000005,8.6,8.5
1718832406,13.2,8.6,8.5
1718832511,7.1000000000000005,8.6,8.5
1718833580,7.1000000000000005,8.6,8.5
1718833790,7.1000000000000005,8.6,8.5
1718834636,7.0,8.6,8.5
1718835115,8.0,8.6,8.5
1718835618,7.3,8.6,8.5
1718836364,7.1000000000000005,8.6,8.5
1718836889,7.1000000000000005,8.6,8.5
1718837695,7.1000000000000005,8.6,8.5
1718837943,7.0,8.6,8.5
1718838855,7.1000000000000005,8.6,8.5
1718839540,7.0,8.6,8.5
1718839856,7.2,8.6,8.5
1718840450,7.2,8.6,8.5
1718840976,7.1000000000000005,8.6,8.5
1718843602,7.1000000000000005,8.6,8.5
1718845324,7.8,8.6,8.5
1718848600,7.1000000000000005,8.6,8.5
1718849057,7.1000000000000005,8.6,8.5
1718850762,7.1000000000000005,8.6,8.5
