timestamp,latency_1,latency_2,latency_3
2024-06-07 00:00:00,7.0,12.2,8.5
2024-06-07 00:10:00,7.0,12.2,8.5
2024-06-07 00:20:00,7.0,12.2,8.5
2024-06-07 00:30:00,7.1000000000000005,12.2,8.5
2024-06-07 00:40:00,7.0,12.2,8.5
2024-06-07 00:50:00,7.0,12.2,8.5
2024-06-07 01:00:00,7.1000000000000005,12.2,8.5
2024-06-07 01:10:00,7.0,12.2,8.5
2024-06-07 01:20:00,7.0,12.2,8.5
2024-06-07 01:30:00,7.0,12.2,8.5
2024-06-07 01:40:00,7.1000000000000005,12.2,8.5
2024-06-07 01:50:00,7.1000000000000005,12.2,8.5
2024-06-07 02:00:00,7.0,12.2,8.5
2024-06-07 02:10:00,7.0,12.2,8.5
2024-06-07 02:20:00,7.0,12.2,8.5
2024-06-07 02:30:00,7.0,12.2,8.5
2024-06-07 02:40:00,7.0,12.2,8.5
2024-06-07 02:50:00,7.0,12.2,8.5
2024-06-07 03:00:00,7.0,12.2,8.5
2024-06-07 03:10:00,7.0,12.2,8.5
2024-06-07 03:20:00,7.1000000000000005,12.2,8.5
2024-06-07 03:30:00,7.1000000000000005,12.2,8.5
2024-06-07 03:40:00,15.2,12.2,8.5
2024-06-07 03:50:00,7.1000000000000005,12.2,8.5
2024-06-07 04:00:00,7.1000000000000005,12.2,8.5
2024-06-07 04:10:00,7.1000000000000005,12.2,8.5
2024-06-07 04:20:00,7.1000000000000005,12.2,8.5
2024-06-07 04:30:00,7.0,12.2,8.5
2024-06-07 04:40:00,7.1000000000000005,12.2,8.5
2024-06-07 04:50:00,7.1000000000000005,12.2,8.5
2024-06-07 05:00:00,7.0,12.2,8.5
2024-06-07 05:10:00,7.0,12.2,8.5
2024-06-07 05:20:00,7.0,12.2,8.5
2024-06-07 05:30:00,7.0,12.2,8.5
2024-06-07 05:40:00,7.1000000000000005,12.2,8.5
2024-06-07 05:50:00,7.0,12.2,8.5
2024-06-07 06:00:00,7.0,12.2,8.5
2024-06-07 06:10:00,31.2,12.2,8.5
2024-06-07 06:20:00,7.1000000000000005,12.2,8.5
2024-06-07 06:30:00,7.1000000000000005,12.2,8.5
2024-06-07 06:40:00,7.1000000000000005,12.2,8.5
2024-06-07 06:50:00,12.7,12.2,8.5
2024-06-07 07:00:00,7.1000000000000005,12.2,8.5
2024-06-07 07:10:00,7.1000000000000005,12.2,8.5
2024-06-07 07:20:00,7.0,12.2,8.5
2024-06-07 07:30:00,7.0,12.2,8.5
2024-06-07 07:40:00,7.1000000000000005,12.2,8.5
2024-06-07 07:50:00,7.0,12.2,8.5
2024-06-07 08:00:00,7.1000000000000005,12.2,8.5
2024-06-07 08:10:00,7.0,12.2,8.5
2024-06-07 08:20:00,7.0,12.2,8.5
2024-06-07 08:30:00,7.1000000000000005,12.2,8.5
2024-06-07 08:40:00,7.1000000000000005,12.2,8.5
2024-06-07 08:50:00,7.0,12.2,8.5
2024-06-07 09:00:00,7.0,12.2,8.5
2024-06-07 09:10:00,7.0,12.2,8.5
2024-06-07 09:20:00,7.1000000000000005,12.2,8.5
2024-06-07 09:30:00,7.1000000000000005,12.2,8.5
2024-06-07 09:40:00,7.1000000000000005,12.2,8.5
2024-06-07 09:50:00,7.0,12.2,8.5
2024-06-07 10:00:00,7.0,12.2,8.5
2024-06-07 10:10:00,7.1000000000000005,12.2,8.5
2024-06-07 10:20:00,7.0,12.2,8.5
2024-06-07 10:30:00,7.0,12.2,8.5
2024-06-07 10:40:00,7.0,12.2,8.5
2024-06-07 10:50:00,7.0,12.2,8.5
2024-06-07 11:00:00,7.0,12.2,8.5
2024-06-07 11:10:00,7.0,12.2,8.5
2024-06-07 11:20:00,7.3,12.2,8.5
2024-06-07 11:30:00,7.0,12.2,8.5
2024-06-07 11:40:00,7.0,12.2,8.5
2024-06-07 11:50:00,7.0,12.2,8.5
2024-06-07 12:00:00,7.0,12.2,8.5
2024-06-07 12:10:00,12.3,12.2,8.5
2024-06-07 12:20:00,7.0,12.2,8.5
2024-06-07 12:30:00,7.0,12.2,8.5
2024-06-07 12:40:00,7.0,12.2,8.5
2024-06-07 12:50:00,7.0,12.2,8.5
2024-06-07 13:00:00,7.0,12.2,8.5
2024-06-07 13:10:00,7.0,12.2,8.5
2024-06-07 13:20:00,7.0,12.2,8.5
2024-06-07 13:30:00,7.0,12.2,8.5
2024-06-07 13:40:00,7.0,12.2,8.5
2024-06-07 13:50:00,7.0,12.2,8.5
2024-06-07 14:00:00,7.0,12.2,8.5
2024-06-07 14:10:00,7.0,12.2,8.5
2024-06-07 14:20:00,7.0,12.2,8.5
2024-06-07 14:30:00,10.5,12.2,8.5
2024-06-07 14:40:00,13.3,12.2,8.5
2024-06-07 14:50:00,7.6,12.2,8.5
2024-06-07 15:00:00,7.1000000000000005,12.2,8.5
2024-06-07 15:10:00,7.5,12.2,8.5
2024-06-07 15:20:00,7.0,12.2,8.5
2024-06-07 15:30:00,7.0,12.2,8.5
2024-06-07 15:40:00,7.0,12.2,8.5
2024-06-07 15:50:00,15.8,12.2,8.5
2024-06-07 16:00:00,7.0,12.2,8.5
2024-06-07 16:10:00,7.0,12.2,8.5
2024-06-07 16:20:00,7.0,12.2,8.5
2024-06-07 16:30:00,7.8,12.2,8.5
2024-06-07 16:40:00,7.0,12.2,8.5
2024-06-07 16:50:00,7.1000000000000005,12.2,8.5
2024-06-07 17:00:00,7.1000000000000005,12.2,8.5
2024-06-07 17:10:00,7.0,12.2,8.5
2024-06-07 17:20:00,7.0,12.2,8.5
2024-06-07 17:30:00,7.0,12.2,8.5
2024-06-07 17:40:00,7.0,8.6,8.5
2024-06-07 17:50:00,7.0,11.4,8.5
2024-06-07 18:00:00,7.0,10.3,8.5
2024-06-07 18:10:00,7.0,8.6,8.5
2024-06-07 18:20:00,7.0,8.6,8.5
2024-06-07 18:30:00,7.0,8.6,8.5
2024-06-07 18:40:00,7.0,8.6,8.5
2024-06-07 18:50:00,7.0,8.6,8.5
2024-06-07 19:00:00,7.0,8.6,8.5
2024-06-07 19:10:00,7.1000000000000005,8.6,8.5
2024-06-07 19:20:00,7.9,8.6,8.5
2024-06-07 19:30:00,7.0,8.6,8.5
2024-06-07 19:40:00,7.0,8.6,8.5
2024-06-07 19:50:00,7.0,9.8,8.5
2024-06-07 20:00:00,7.0,9.8,8.5
2024-06-07 20:10:00,7.0,9.8,8.5
2024-06-07 20:20:00,7.0,15.5,8.5
2024-06-07 20:30:00,7.0,8.6,8.5
2024-06-07 20:40:00,7.0,8.6,8.5
2024-06-07 20:50:00,7.0,8.6,8.5
2024-06-07 21:00:00,7.0,9.8,8.5
2024-06-07 21:10:00,7.0,10.2,8.5
2024-06-07 21:20:00,7.0,10.2,8.5
2024-06-07 21:30:00,7.0,9.8,8.5
2024-06-07 21:40:00,7.0,9.8,8.5
2024-06-07 21:50:00,7.0,9.8,8.5
2024-06-07 22:00:00,7.0,8.9,8.5
2024-06-07 22:10:00,7.0,8.8,8.5
2024-06-07 22:20:00,7.0,8.6,8.5
2024-06-07 22:30:00,7.0,8.6,8.5
2024-06-07 22:40:00,7.0,8.6,8.5
2024-06-07 22:50:00,7.0,8.6,8.5
2024-06-07 23:00:00,7.0,8.6,8.5
2024-06-07 23:10:00,7.0,8.6,8.5
2024-06-07 23:20:00,7.0,8.5,8.5
2024-06-07 23:30:00,7.0,13.8,8.5
2024-06-07 23:40:00,7.0,8.6,8.5
2024-06-07 23:50:00,7.0,9.8,8.5
2024-06-08 00:00:00,7.0,9.9,8.5
2024-06-08 00:10:00,7.0,9.8,8.5
2024-06-08 00:20:00,7.0,35.9,8.5
2024-06-08 00:30:00,7.0,9.8,8.5
2024-06-08 00:40:00,7.0,9.9,8.5
2024-06-08 00:50:00,7.0,9.9,8.5
2024-06-08 01:00:00,7.0,10.1,8.5
2024-06-08 01:10:00,7.0,9.8,8.5
2024-06-08 01:20:00,7.0,9.8,8.5
2024-06-08 01:30:00,7.0,8.6,8.5
2024-06-08 01:40:00,7.0,8.7,8.5
2024-06-08 01:50:00,7.0,8.6,8.5
2024-06-08 02:00:00,7.0,9.1,8.5
2024-06-08 02:10:00,7.0,8.7,8.5
2024-06-08 02:20:00,7.0,8.6,8.5
2024-06-08 02:30:00,7.0,8.6,8.5
2024-06-08 02:40:00,7.0,9.8,8.5
2024-06-08 02:50:00,7.0,9.8,8.5
2024-06-08 03:00:00,7.0,9.9,8.5
2024-06-08 03:10:00,7.0,9.8,8.5
2024-06-08 03:20:00,7.0,9.9,8.5
2024-06-08 03:30:00,7.0,9.9,8.5
2024-06-08 03:40:00,7.0,9.8,8.5
2024-06-08 03:50:00,7.0,10.0,8.5
2024-06-08 04:00:00,7.0,9.8,8.5
2024-06-08 04:10:00,7.0,11.6,8.5
2024-06-08 04:20:00,7.0,75.30000000000001,8.5
2024-06-08 04:30:00,7.0,75.30000000000001,8.5
2024-06-08 04:40:00,7.0,9.8,8.5
2024-06-08 04:50:00,7.0,9.8,8.5
2024-06-08 05:00:00,7.0,10.3,8.5
2024-06-08 05:10:00,7.0,9.8,8.5
2024-06-08 05:20:00,7.1000000000000005,9.8,8.5
2024-06-08 05:30:00,7.1000000000000005,9.8,8.5
2024-06-08 05:40:00,7.1000000000000005,9.8,8.5
2024-06-08 05:50:00,7.1000000000000005,10.7,8.5
2024-06-08 06:00:00,7.1000000000000005,9.8,8.5
2024-06-08 06:10:00,7.1000000000000005,9.8,8.5
2024-06-08 06:20:00,7.1000000000000005,9.8,8.5
2024-06-08 06:30:00,7.1000000000000005,16.7,8.5
2024-06-08 06:40:00,7.1000000000000005,9.8,8.5
2024-06-08 06:50:00,7.1000000000000005,9.8,8.5
2024-06-08 07:00:00,7.1000000000000005,9.8,8.5
2024-06-08 07:10:00,7.1000000000000005,10.3,8.5
2024-06-08 07:20:00,7.1000000000000005,12.8,8.5
2024-06-08 07:30:00,7.1000000000000005,9.9,8.5
2024-06-08 07:40:00,7.1000000000000005,9.8,8.5
2024-06-08 07:50:00,7.1000000000000005,9.8,8.5
2024-06-08 08:00:00,7.1000000000000005,9.9,8.5
2024-06-08 08:10:00,7.1000000000000005,9.9,8.5
2024-06-08 08:20:00,7.1000000000000005,9.8,8.5
2024-06-08 08:30:00,7.1000000000000005,9.8,8.5
2024-06-08 08:40:00,7.1000000000000005,9.9,8.5
2024-06-08 08:50:00,7.1000000000000005,9.8,8.5
2024-06-08 09:00:00,7.1000000000000005,9.9,8.5
2024-06-08 09:10:00,7.1000000000000005,9.8,8.5
2024-06-08 09:20:00,7.1000000000000005,9.8,8.5
2024-06-08 09:30:00,7.1000000000000005,9.9,8.5
2024-06-08 09:40:00,7.1000000000000005,9.9,8.5
2024-06-08 09:50:00,7.1000000000000005,9.8,8.5
2024-06-08 10:00:00,7.1000000000000005,11.6,8.5
2024-06-08 10:10:00,7.1000000000000005,10.1,8.5
2024-06-08 10:20:00,7.1000000000000005,9.8,8.5
2024-06-08 10:30:00,7.1000000000000005,9.9,8.5
2024-06-08 10:40:00,7.1000000000000005,9.9,8.5
2024-06-08 10:50:00,7.1000000000000005,9.8,8.5
2024-06-08 11:00:00,7.1000000000000005,9.8,8.5
2024-06-08 11:10:00,7.1000000000000005,9.8,8.5
2024-06-08 11:20:00,7.1000000000000005,9.9,8.5
2024-06-08 11:30:00,7.1000000000000005,9.8,8.5
2024-06-08 11:40:00,7.1000000000000005,9.8,8.5
2024-06-08 11:50:00,7.1000000000000005,9.8,8.5
2024-06-08 12:00:00,7.1000000000000005,10.0,8.5
2024-06-08 12:10:00,7.1000000000000005,9.9,8.5
2024-06-08 12:20:00,7.1000000000000005,9.9,8.5
2024-06-08 12:30:00,7.1000000000000005,9.8,8.5
2024-06-08 12:40:00,7.1000000000000005,9.8,8.5
2024-06-08 12:50:00,7.1000000000000005,9.8,8.5
2024-06-08 13:00:00,7.1000000000000005,11.9,8.5
2024-06-08 13:10:00,7.1000000000000005,9.9,8.5
2024-06-08 13:20:00,7.1000000000000005,9.8,8.5
2024-06-08 13:30:00,7.1000000000000005,9.9,8.5
2024-06-08 13:40:00,7.1000000000000005,9.9,8.5
2024-06-08 13:50:00,7.1000000000000005,9.8,8.5
2024-06-08 14:00:00,7.1000000000000005,9.9,8.5
2024-06-08 14:10:00,7.1000000000000005,9.9,8.5
2024-06-08 14:20:00,7.1000000000000005,9.9,8.5
2024-06-08 14:30:00,7.1000000000000005,9.9,8.5
2024-06-08 14:40:00,7.1000000000000005,9.9,8.5
2024-06-08 14:50:00,7.1000000000000005,10.3,8.5
2024-06-08 15:00:00,7.0,10.3,8.5
2024-06-08 15:10:00,7.2,10.3,8.5
2024-06-08 15:20:00,7.2,10.3,8.5
2024-06-08 15:30:00,7.0,10.3,8.5
2024-06-08 15:40:00,7.0,10.3,8.5
2024-06-08 15:50:00,7.1000000000000005,10.3,8.5
2024-06-08 16:00:00,7.0,10.3,8.5
2024-06-08 16:10:00,7.0,10.3,8.5
2024-06-08 16:20:00,7.2,10.3,8.5
2024-06-08 16:30:00,7.1000000000000005,10.3,8.5
2024-06-08 16:40:00,7.0,10.3,8.5
2024-06-08 16:50:00,8.7,10.3,8.5
2024-06-08 17:00:00,7.0,10.3,8.5
2024-06-08 17:10:00,7.0,10.3,8.5
2024-06-08 17:20:00,7.0,10.3,8.5
2024-06-08 17:30:00,7.0,10.3,8.5
2024-06-08 17:40:00,7.2,10.3,8.5
2024-06-08 17:50:00,11.9,10.3,8.5
2024-06-08 18:00:00,7.0,10.3,8.5
2024-06-08 18:10:00,7.2,10.3,8.5
2024-06-08 18:20:00,7.0,10.3,8.5
2024-06-08 18:30:00,7.0,10.3,8.5
2024-06-08 18:40:00,142.7,10.3,8.5
2024-06-08 18:50:00,7.1000000000000005,10.3,8.5
2024-06-08 19:00:00,7.0,10.3,8.5
2024-06-08 19:10:00,7.1000000000000005,10.3,8.5
2024-06-08 19:20:00,7.1000000000000005,10.3,8.5
2024-06-08 19:30:00,7.1000000000000005,10.3,8.5
2024-06-08 19:40:00,7.0,10.3,8.5
2024-06-08 19:50:00,7.0,10.3,8.5
2024-06-08 20:00:00,7.1000000000000005,10.3,8.5
2024-06-08 20:10:00,7.0,10.3,8.5
2024-06-08 20:20:00,7.1000000000000005,10.3,8.5
2024-06-08 20:30:00,7.1000000000000005,10.3,8.5
2024-06-08 20:40:00,7.0,10.3,8.5
2024-06-08 20:50:00,7.1000000000000005,10.3,8.5
2024-06-08 21:00:00,7.0,10.3,8.5
2024-06-08 21:10:00,7.0,10.3,8.5
2024-06-08 21:20:00,7.0,10.3,8.5
2024-06-08 21:30:00,7.0,10.3,8.5
2024-06-08 21:40:00,7.0,10.3,8.5
2024-06-08 21:50:00,7.0,10.3,8.5
2024-06-08 22:00:00,6.9,10.3,8.5
2024-06-08 22:10:00,6.9,10.3,8.5
2024-06-08 22:20:00,7.0,10.3,8.5
2024-06-08 22:30:00,7.2,10.3,8.5
2024-06-08 22:40:00,6.9,10.3,8.5
2024-06-08 22:50:00,7.0,10.3,8.5
2024-06-08 23:00:00,7.1000000000000005,10.3,8.5
2024-06-08 23:10:00,7.0,10.3,8.5
2024-06-08 23:20:00,7.0,10.3,8.5
2024-06-08 23:30:00,7.1000000000000005,10.3,8.5
2024-06-08 23:40:00,7.1000000000000005,10.3,8.5
2024-06-08 23:50:00,7.4,10.3,8.5
2024-06-09 00:00:00,7.4,10.3,8.5
2024-06-09 00:10:00,7.1000000000000005,10.3,8.5
2024-06-09 00:20:00,7.1000000000000005,10.3,8.5
2024-06-09 00:30:00,7.0,10.3,8.5
2024-06-09 00:40:00,7.0,10.3,8.5
2024-06-09 00:50:00,7.4,10.3,8.5
2024-06-09 01:00:00,7.0,10.3,8.5
2024-06-09 01:10:00,7.0,10.3,8.5
2024-06-09 01:20:00,7.0,10.3,8.5
2024-06-09 01:30:00,7.0,10.3,8.5
2024-06-09 01:40:00,7.1000000000000005,10.3,8.5
2024-06-09 01:50:00,7.1000000000000005,10.3,8.5
2024-06-09 02:00:00,7.1000000000000005,10.3,8.5
2024-06-09 02:10:00,7.1000000000000005,10.3,8.5
2024-06-09 02:20:00,7.0,10.3,8.5
2024-06-09 02:30:00,7.0,10.3,8.5
2024-06-09 02:40:00,7.0,10.3,8.5
2024-06-09 02:50:00,7.0,10.3,8.5
2024-06-09 03:00:00,7.0,10.3,8.5
2024-06-09 03:10:00,7.0,10.3,8.5
2024-06-09 03:20:00,7.1000000000000005,10.3,8.5
2024-06-09 03:30:00,7.0,10.3,8.5
2024-06-09 03:40:00,7.0,10.3,8.5
2024-06-09 03:50:00,7.0,10.3,8.5
2024-06-09 04:00:00,7.0,10.3,8.5
2024-06-09 04:10:00,7.0,10.3,8.5
2024-06-09 04:20:00,7.0,10.3,8.5
2024-06-09 04:30:00,7.1000000000000005,10.3,8.5
2024-06-09 04:40:00,7.1000000000000005,10.3,8.5
2024-06-09 04:50:00,7.0,10.3,8.5
2024-06-09 05:00:00,7.2,10.3,8.5
2024-06-09 05:10:00,7.1000000000000005,10.3,8.5
2024-06-09 05:20:00,7.0,10.3,8.5
2024-06-09 05:30:00,7.0,10.3,8.5
2024-06-09 05:40:00,7.1000000000000005,10.3,8.5
2024-06-09 05:50:00,7.1000000000000005,10.3,8.5
2024-06-09 06:00:00,7.1000000000000005,10.3,8.5
2024-06-09 06:10:00,9.8,10.3,8.5
2024-06-09 06:20:00,7.0,10.3,8.5
2024-06-09 06:30:00,7.0,10.3,8.5
2024-06-09 06:40:00,7.1000000000000005,10.3,8.5
2024-06-09 06:50:00,7.1000000000000005,10.3,8.5
2024-06-09 07:00:00,7.0,10.3,8.5
2024-06-09 07:10:00,7.0,10.3,8.5
2024-06-09 07:20:00,7.1000000000000005,10.3,8.5
2024-06-09 07:30:00,7.1000000000000005,10.3,8.5
2024-06-09 07:40:00,7.1000000000000005,10.3,8.5
2024-06-09 07:50:00,7.0,10.3,8.5
2024-06-09 08:00:00,7.4,10.3,8.5
2024-06-09 08:10:00,7.1000000000000005,10.3,8.5
2024-06-09 08:20:00,7.1000000000000005,10.3,8.5
2024-06-09 08:30:00,7.0,10.3,8.5
2024-06-09 08:40:00,7.1000000000000005,10.3,8.5
2024-06-09 08:50:00,7.0,10.3,8.5
2024-06-09 09:00:00,7.0,10.3,8.5
2024-06-09 09:10:00,10.6,10.3,8.5
2024-06-09 09:20:00,7.0,10.3,8.5
2024-06-09 09:30:00,7.1000000000000005,10.3,8.5
2024-06-09 09:40:00,7.1000000000000005,10.3,8.5
2024-06-09 09:50:00,7.1000000000000005,10.3,8.5
2024-06-09 10:00:00,7.1000000000000005,10.3,8.5
2024-06-09 10:10:00,7.1000000000000005,10.3,8.5
2024-06-09 10:20:00,7.0,10.3,8.5
2024-06-09 10:30:00,7.0,10.3,8.5
2024-06-09 10:40:00,7.0,10.3,8.5
2024-06-09 10:50:00,7.1000000000000005,10.3,8.5
2024-06-09 11:00:00,8.0,10.3,8.5
2024-06-09 11:10:00,7.5,10.3,8.5
2024-06-09 11:20:00,7.0,10.3,8.5
2024-06-09 11:30:00,7.0,10.3,8.5
2024-06-09 11:40:00,7.0,10.3,8.5
2024-06-09 11:50:00,7.1000000000000005,10.3,8.5
2024-06-09 12:00:00,7.6,10.3,8.5
2024-06-09 12:10:00,7.0,10.3,8.5
2024-06-09 12:20:00,7.1000000000000005,10.3,8.5
2024-06-09 12:30:00,7.0,10.3,8.5
2024-06-09 12:40:00,7.0,10.3,8.5
2024-06-09 12:50:00,7.1000000000000005,10.3,8.5
2024-06-09 13:00:00,7.3,10.3,8.5
2024-06-09 13:10:00,7.0,10.3,8.5
2024-06-09 13:20:00,8.6,10.3,8.5
2024-06-09 13:30:00,7.1000000000000005,10.3,8.5
2024-06-09 13:40:00,15.2,10.3,8.5
2024-06-09 13:50:00,7.0,9.8,8.5
2024-06-09 14:00:00,7.0,9.8,8.5
2024-06-09 14:10:00,7.0,9.8,8.5
2024-06-09 14:20:00,7.0,9.8,8.5
2024-06-09 14:30:00,7.0,9.8,8.5
2024-06-09 14:40:00,7.0,9.8,8.5
2024-06-09 14:50:00,7.0,9.8,8.5
2024-06-09 15:00:00,7.0,9.8,8.5
2024-06-09 15:10:00,7.0,9.8,8.5
2024-06-09 15:20:00,7.1000000000000005,9.8,8.5
2024-06-09 15:30:00,7.1000000000000005,9.8,8.5
2024-06-09 15:40:00,7.1000000000000005,9.8,8.5
2024-06-09 15:50:00,7.1000000000000005,9.8,8.5
2024-06-09 16:00:00,7.1000000000000005,9.8,8.5
2024-06-09 16:10:00,7.0,9.8,8.5
2024-06-09 16:20:00,7.0,9.8,8.5
2024-06-09 16:30:00,7.1000000000000005,9.8,8.5
2024-06-09 16:40:00,7.0,9.8,8.5
2024-06-09 16:50:00,7.0,9.8,8.5
2024-06-09 17:00:00,11.1,9.8,8.5
2024-06-09 17:10:00,6.9,9.8,8.5
2024-06-09 17:20:00,7.1000000000000005,9.8,8.5
2024-06-09 17:30:00,7.0,9.8,8.5
2024-06-09 17:40:00,7.0,9.8,8.5
2024-06-09 17:50:00,7.1000000000000005,9.8,8.5
2024-06-09 18:00:00,7.0,9.8,8.5
2024-06-09 18:10:00,7.0,9.8,8.5
2024-06-09 18:20:00,7.0,9.8,8.5
2024-06-09 18:30:00,7.1000000000000005,9.8,8.5
2024-06-09 18:40:00,7.0,9.8,8.5
2024-06-09 18:50:00,7.1000000000000005,9.8,8.5
2024-06-09 19:00:00,7.1000000000000005,9.8,8.5
2024-06-09 19:10:00,7.0,9.8,8.5
2024-06-09 19:20:00,7.0,9.8,8.5
2024-06-09 19:30:00,7.0,9.8,8.5
2024-06-09 19:40:00,7.0,9.8,8.5
2024-06-09 19:50:00,7.0,9.8,8.5
2024-06-09 20:00:00,7.0,9.8,8.5
2024-06-09 20:10:00,7.0,9.8,8.5
2024-06-09 20:20:00,7.0,9.8,8.5
2024-06-09 20:30:00,7.0,9.8,8.5
2024-06-09 20:40:00,7.0,9.8,8.5
2024-06-09 20:50:00,7.0,9.8,8.5
2024-06-09 21:00:00,7.0,9.8,8.5
2024-06-09 21:10:00,7.0,9.8,8.5
2024-06-09 21:20:00,7.1000000000000005,9.8,8.5
2024-06-09 21:30:00,7.0,9.8,8.5
2024-06-09 21:40:00,7.1000000000000005,9.8,8.5
2024-06-09 21:50:00,7.0,9.8,8.5
2024-06-09 22:00:00,8.200000000000001,9.8,8.5
2024-06-09 22:10:00,7.1000000000000005,9.8,8.5
2024-06-09 22:20:00,7.1000000000000005,9.8,8.5
2024-06-09 22:30:00,7.0,9.8,8.5
2024-06-09 22:40:00,7.0,9.8,8.5
2024-06-09 22:50:00,7.0,9.8,8.5
2024-06-09 23:00:00,7.0,9.8,8.5
2024-06-09 23:10:00,7.0,9.8,8.5
2024-06-09 23:20:00,7.0,9.8,8.5
2024-06-09 23:30:00,7.0,9.8,8.5
2024-06-09 23:40:00,7.0,9.8,8.5
2024-06-09 23:50:00,7.0,9.8,8.5
2024-06-10 00:00:00,7.5,9.8,8.5
2024-06-10 00:10:00,7.5,9.8,8.5
2024-06-10 00:20:00,7.0,9.8,8.5
2024-06-10 00:30:00,7.0,9.8,8.5
2024-06-10 00:40:00,7.0,9.8,8.5
2024-06-10 00:50:00,7.0,9.8,8.5
2024-06-10 01:00:00,7.0,9.8,8.5
2024-06-10 01:10:00,7.0,9.8,8.5
2024-06-10 01:20:00,7.1000000000000005,9.8,8.5
2024-06-10 01:30:00,7.0,9.8,8.5
2024-06-10 01:40:00,7.0,9.8,8.5
2024-06-10 01:50:00,7.0,9.8,8.5
2024-06-10 02:00:00,7.0,9.8,8.5
2024-06-10 02:10:00,7.0,9.8,8.5
2024-06-10 02:20:00,7.0,9.8,8.5
2024-06-10 02:30:00,7.0,9.8,8.5
2024-06-10 02:40:00,7.0,9.8,8.5
2024-06-10 02:50:00,7.0,9.8,8.5
2024-06-10 03:00:00,7.0,9.8,8.5
2024-06-10 03:10:00,7.0,9.8,8.5
2024-06-10 03:20:00,7.0,9.8,8.5
2024-06-10 03:30:00,7.0,9.8,8.5
2024-06-10 03:40:00,7.1000000000000005,9.8,8.5
2024-06-10 03:50:00,7.0,9.8,8.5
2024-06-10 04:00:00,7.1000000000000005,9.8,8.5
2024-06-10 04:10:00,23.2,9.8,8.5
2024-06-10 04:20:00,7.0,9.8,8.5
2024-06-10 04:30:00,7.0,9.8,8.5
2024-06-10 04:40:00,7.2,9.8,8.5
2024-06-10 04:50:00,7.0,9.8,8.5
2024-06-10 05:00:00,7.1000000000000005,9.8,8.5
2024-06-10 05:10:00,7.1000000000000005,9.8,8.5
2024-06-10 05:20:00,7.1000000000000005,9.8,8.5
2024-06-10 05:30:00,7.0,9.8,8.5
2024-06-10 05:40:00,7.0,9.8,8.5
2024-06-10 05:50:00,7.0,9.8,8.5
2024-06-10 06:00:00,7.1000000000000005,9.8,8.5
2024-06-10 06:10:00,7.0,9.8,8.5
2024-06-10 06:20:00,6.9,9.8,8.5
2024-06-10 06:30:00,7.0,9.8,8.5
2024-06-10 06:40:00,7.0,9.8,8.5
2024-06-10 06:50:00,7.0,9.8,8.5
2024-06-10 07:00:00,7.5,9.8,8.5
2024-06-10 07:10:00,7.4,9.8,8.5
2024-06-10 07:20:00,7.4,9.8,8.5
2024-06-10 07:30:00,7.1000000000000005,9.8,8.5
2024-06-10 07:40:00,7.0,9.8,8.5
2024-06-10 07:50:00,7.0,9.8,8.5
2024-06-10 08:00:00,7.1000000000000005,9.8,8.5
2024-06-10 08:10:00,7.1000000000000005,9.8,8.5
2024-06-10 08:20:00,7.1000000000000005,9.8,8.5
2024-06-10 08:30:00,7.1000000000000005,9.8,8.5
2024-06-10 08:40:00,7.0,9.8,8.5
2024-06-10 08:50:00,7.0,9.8,8.5
2024-06-10 09:00:00,7.0,9.8,8.5
2024-06-10 09:10:00,7.1000000000000005,9.8,8.5
2024-06-10 09:20:00,7.1000000000000005,9.8,8.5
2024-06-10 09:30:00,7.0,9.8,8.5
2024-06-10 09:40:00,7.0,9.8,8.5
2024-06-10 09:50:00,7.0,9.8,8.5
2024-06-10 10:00:00,7.0,9.8,8.5
2024-06-10 10:10:00,7.0,9.8,8.5
2024-06-10 10:20:00,7.1000000000000005,9.8,8.5
2024-06-10 10:30:00,6.9,9.8,8.5
2024-06-10 10:40:00,7.0,9.8,8.5
2024-06-10 10:50:00,7.0,9.8,8.5
2024-06-10 11:00:00,7.1000000000000005,9.8,8.5
2024-06-10 11:10:00,7.0,9.8,8.5
2024-06-10 11:20:00,7.1000000000000005,9.8,8.5
2024-06-10 11:30:00,7.0,9.8,8.5
2024-06-10 11:40:00,7.0,9.8,8.5
2024-06-10 11:50:00,7.3,9.8,8.5
2024-06-10 12:00:00,7.0,9.8,8.5
2024-06-10 12:10:00,7.0,9.8,8.5
2024-06-10 12:20:00,7.1000000000000005,9.8,8.5
2024-06-10 12:30:00,7.1000000000000005,9.8,8.5
2024-06-10 12:40:00,7.5,9.8,8.5
2024-06-10 12:50:00,7.0,9.8,8.5
2024-06-10 13:00:00,7.0,10.0,8.5
2024-06-10 13:10:00,7.0,10.0,8.5
2024-06-10 13:20:00,7.0,9.9,8.5
2024-06-10 13:30:00,7.0,9.9,8.5
2024-06-10 13:40:00,7.0,8.5,8.5
2024-06-10 13:50:00,7.0,8.5,8.5
2024-06-10 14:00:00,7.0,8.6,8.5
2024-06-10 14:10:00,7.0,8.6,8.5
2024-06-10 14:20:00,7.0,8.7,8.5
2024-06-10 14:30:00,7.0,8.6,8.5
2024-06-10 14:40:00,7.0,8.8,8.5
2024-06-10 14:50:00,7.0,8.6,8.5
2024-06-10 15:00:00,7.0,8.7,8.5
2024-06-10 15:10:00,7.0,8.6,8.5
2024-06-10 15:20:00,7.0,8.6,8.5
2024-06-10 15:30:00,7.0,8.6,8.5
2024-06-10 15:40:00,7.0,8.6,8.5
2024-06-10 15:50:00,7.0,8.6,8.5
2024-06-10 16:00:00,7.1000000000000005,8.6,8.5
2024-06-10 16:10:00,7.0,8.6,8.5
2024-06-10 16:20:00,7.0,8.6,8.5
2024-06-10 16:30:00,7.2,9.8,8.5
2024-06-10 16:40:00,7.0,9.8,8.5
2024-06-10 16:50:00,7.0,9.8,8.5
2024-06-10 17:00:00,7.0,9.8,8.5
2024-06-10 17:10:00,7.7,9.8,8.5
2024-06-10 17:20:00,7.0,9.8,8.5
2024-06-10 17:30:00,7.0,9.8,8.5
2024-06-10 17:40:00,7.0,9.8,8.5
2024-06-10 17:50:00,7.0,11.4,8.5
2024-06-10 18:00:00,6.9,8.5,8.5
2024-06-10 18:10:00,6.9,8.7,8.5
2024-06-10 18:20:00,6.9,8.7,8.5
2024-06-10 18:30:00,6.9,8.7,8.5
2024-06-10 18:40:00,6.9,8.7,8.5
2024-06-10 18:50:00,7.0,8.7,8.5
2024-06-10 19:00:00,7.0,8.7,8.5
2024-06-10 19:10:00,7.0,8.7,8.5
2024-06-10 19:20:00,6.9,9.8,8.5
2024-06-10 19:30:00,7.0,9.8,8.5
2024-06-10 19:40:00,7.5,9.8,8.5
2024-06-10 19:50:00,8.5,9.8,8.5
2024-06-10 20:00:00,7.0,9.8,8.5
2024-06-10 20:10:00,7.0,9.8,8.5
2024-06-10 20:20:00,7.1000000000000005,9.8,8.5
2024-06-10 20:30:00,7.1000000000000005,9.8,8.5
2024-06-10 20:40:00,7.1000000000000005,9.8,8.5
2024-06-10 20:50:00,7.1000000000000005,9.8,8.5
2024-06-10 21:00:00,7.1000000000000005,9.8,8.5
2024-06-10 21:10:00,7.1000000000000005,9.8,8.5
2024-06-10 21:20:00,7.1000000000000005,9.8,8.5
2024-06-10 21:30:00,7.1000000000000005,9.8,8.5
2024-06-10 21:40:00,7.1000000000000005,9.8,8.5
2024-06-10 21:50:00,7.1000000000000005,9.8,8.5
2024-06-10 22:00:00,7.1000000000000005,9.8,8.5
2024-06-10 22:10:00,7.1000000000000005,9.8,8.5
2024-06-10 22:20:00,20.2,9.8,8.5
2024-06-10 22:30:00,7.1000000000000005,9.8,8.5
2024-06-10 22:40:00,9.1,9.8,8.5
2024-06-10 22:50:00,7.1000000000000005,9.8,8.5
2024-06-10 23:00:00,7.1000000000000005,9.8,8.5
2024-06-10 23:10:00,7.1000000000000005,9.8,8.5
2024-06-10 23:20:00,7.1000000000000005,9.8,8.5
2024-06-10 23:30:00,7.1000000000000005,9.8,8.5
2024-06-10 23:40:00,7.1000000000000005,9.8,8.5
2024-06-10 23:50:00,7.1000000000000005,9.8,8.5
2024-06-11 00:00:00,7.2,9.8,8.5
2024-06-11 00:10:00,7.1000000000000005,9.8,8.5
2024-06-11 00:20:00,7.1000000000000005,9.8,8.5
2024-06-11 00:30:00,7.1000000000000005,9.8,8.5
2024-06-11 00:40:00,7.1000000000000005,9.8,8.5
2024-06-11 00:50:00,7.1000000000000005,9.8,8.5
2024-06-11 01:00:00,7.1000000000000005,9.8,8.5
2024-06-11 01:10:00,7.1000000000000005,9.8,8.5
2024-06-11 01:20:00,7.0,9.8,8.5
2024-06-11 01:30:00,7.1000000000000005,9.8,8.5
2024-06-11 01:40:00,7.1000000000000005,9.8,8.5
2024-06-11 01:50:00,7.1000000000000005,9.8,8.5
2024-06-11 02:00:00,7.1000000000000005,9.8,8.5
2024-06-11 02:10:00,7.6,9.8,8.5
2024-06-11 02:20:00,7.1000000000000005,9.8,8.5
2024-06-11 02:30:00,7.1000000000000005,9.8,8.5
2024-06-11 02:40:00,7.1000000000000005,9.8,8.5
2024-06-11 02:50:00,7.1000000000000005,9.8,8.5
2024-06-11 03:00:00,7.2,9.8,8.5
2024-06-11 03:10:00,7.1000000000000005,9.8,8.5
2024-06-11 03:20:00,7.1000000000000005,9.8,8.5
2024-06-11 03:30:00,7.1000000000000005,9.8,8.5
2024-06-11 03:40:00,7.1000000000000005,9.8,8.5
2024-06-11 03:50:00,7.1000000000000005,9.8,8.5
2024-06-11 04:00:00,7.1000000000000005,9.8,8.5
2024-06-11 04:10:00,7.1000000000000005,9.8,8.5
2024-06-11 04:20:00,7.1000000000000005,9.8,8.5
2024-06-11 04:30:00,7.1000000000000005,9.8,8.5
2024-06-11 04:40:00,7.1000000000000005,9.8,8.5
2024-06-11 04:50:00,7.1000000000000005,9.8,8.5
2024-06-11 05:00:00,7.1000000000000005,9.8,8.5
2024-06-11 05:10:00,7.1000000000000005,9.8,8.5
2024-06-11 05:20:00,7.1000000000000005,9.8,8.5
2024-06-11 05:30:00,7.1000000000000005,9.8,8.5
2024-06-11 05:40:00,7.1000000000000005,9.8,8.5
2024-06-11 05:50:00,8.6,9.8,8.5
2024-06-11 06:00:00,7.1000000000000005,9.8,8.5
2024-06-11 06:10:00,7.1000000000000005,9.8,8.5
2024-06-11 06:20:00,7.1000000000000005,9.8,8.5
2024-06-11 06:30:00,7.1000000000000005,9.8,8.5
2024-06-11 06:40:00,7.1000000000000005,9.8,8.5
2024-06-11 06:50:00,7.1000000000000005,9.8,8.5
2024-06-11 07:00:00,7.1000000000000005,9.8,8.5
2024-06-11 07:10:00,7.1000000000000005,9.8,8.5
2024-06-11 07:20:00,7.1000000000000005,8.6,8.5
2024-06-11 07:30:00,7.1000000000000005,8.6,8.5
2024-06-11 07:40:00,7.1000000000000005,8.6,8.5
2024-06-11 07:50:00,7.1000000000000005,8.6,8.5
2024-06-11 08:00:00,7.1000000000000005,8.6,8.5
2024-06-11 08:10:00,7.1000000000000005,8.6,8.5
2024-06-11 08:20:00,7.2,8.6,8.5
2024-06-11 08:30:00,7.1000000000000005,8.6,8.5
2024-06-11 08:40:00,7.1000000000000005,8.6,8.5
2024-06-11 08:50:00,7.1000000000000005,8.6,8.5
2024-06-11 09:00:00,7.1000000000000005,8.6,8.5
2024-06-11 09:10:00,7.1000000000000005,8.6,8.5
2024-06-11 09:20:00,7.1000000000000005,8.6,8.5
2024-06-11 09:30:00,7.5,8.6,8.5
2024-06-11 09:40:00,7.1000000000000005,8.6,8.5
2024-06-11 09:50:00,7.1000000000000005,8.6,8.5
2024-06-11 10:00:00,7.1000000000000005,8.6,8.5
2024-06-11 10:10:00,7.1000000000000005,8.6,8.5
2024-06-11 10:20:00,7.1000000000000005,8.6,8.5
2024-06-11 10:30:00,7.1000000000000005,8.6,8.5
2024-06-11 10:40:00,7.1000000000000005,8.6,8.5
2024-06-11 10:50:00,7.1000000000000005,8.6,8.5
2024-06-11 11:00:00,7.1000000000000005,8.6,8.5
2024-06-11 11:10:00,7.1000000000000005,8.6,8.5
2024-06-11 11:20:00,7.1000000000000005,8.6,8.5
2024-06-11 11:30:00,7.0,8.6,8.5
2024-06-11 11:40:00,7.1000000000000005,8.6,8.5
2024-06-11 11:50:00,7.3,8.6,8.5
2024-06-11 12:00:00,7.1000000000000005,8.6,8.5
2024-06-11 12:10:00,7.2,8.6,8.5
2024-06-11 12:20:00,7.1000000000000005,8.6,8.5
2024-06-11 12:30:00,7.0,8.6,8.5
2024-06-11 12:40:00,7.0,8.6,8.5
2024-06-11 12:50:00,7.8,8.6,8.5
2024-06-11 13:00:00,7.0,8.6,8.5
2024-06-11 13:10:00,7.6,8.6,8.5
2024-06-11 13:20:00,7.1000000000000005,8.6,8.5
2024-06-11 13:30:00,7.1000000000000005,8.6,8.5
2024-06-11 13:40:00,7.1000000000000005,8.6,8.5
2024-06-11 13:50:00,7.0,8.6,8.5
2024-06-11 14:00:00,7.5,8.6,8.5
2024-06-11 14:10:00,7.1000000000000005,8.6,8.5
2024-06-11 14:20:00,7.1000000000000005,8.6,8.5
2024-06-11 14:30:00,7.1000000000000005,8.6,8.5
2024-06-11 14:40:00,7.6,8.6,8.5
2024-06-11 14:50:00,7.1000000000000005,8.6,8.5
2024-06-11 15:00:00,7.0,8.6,8.5
2024-06-11 15:10:00,7.1000000000000005,8.6,8.5
2024-06-11 15:20:00,7.0,8.6,8.5
2024-06-11 15:30:00,7.0,8.6,8.5
2024-06-11 15:40:00,7.1000000000000005,8.6,8.5
2024-06-11 15:50:00,7.0,8.6,8.5
2024-06-11 16:00:00,7.1000000000000005,8.6,8.5
2024-06-11 16:10:00,7.1000000000000005,8.6,8.5
2024-06-11 16:20:00,7.0,8.6,8.5
2024-06-11 16:30:00,7.6,8.6,8.5
2024-06-11 16:40:00,7.6,8.6,8.5
2024-06-11 16:50:00,7.1000000000000005,8.6,8.5
2024-06-11 17:00:00,7.0,8.6,8.5
2024-06-11 17:10:00,7.1000000000000005,8.6,8.5
2024-06-11 17:20:00,7.1000000000000005,8.6,8.5
2024-06-11 17:30:00,7.1000000000000005,8.6,8.5
2024-06-11 17:40:00,7.2,8.6,8.5
2024-06-11 17:50:00,7.0,8.6,8.5
2024-06-11 18:00:00,7.0,8.6,8.5
2024-06-11 18:10:00,7.0,8.5,8.5
2024-06-11 18:20:00,7.0,8.5,8.5
2024-06-11 18:30:00,7.0,8.5,8.5
2024-06-11 18:40:00,6.9,8.5,8.5
2024-06-11 18:50:00,6.9,8.5,8.5
2024-06-11 19:00:00,6.9,8.5,8.5
2024-06-11 19:10:00,6.9,8.5,8.5
2024-06-11 19:20:00,9.9,8.5,8.5
2024-06-11 19:30:00,7.0,8.5,8.5
2024-06-11 19:40:00,7.0,8.5,8.5
2024-06-11 19:50:00,6.9,8.5,8.5
2024-06-11 20:00:00,8.7,8.5,8.5
2024-06-11 20:10:00,6.9,8.5,8.5
2024-06-11 20:20:00,7.6,8.5,8.5
2024-06-11 20:30:00,7.0,8.5,8.5
2024-06-11 20:40:00,7.0,8.5,8.5
2024-06-11 20:50:00,7.3,8.5,8.5
2024-06-11 21:00:00,7.1000000000000005,8.5,8.5
2024-06-11 21:10:00,7.1000000000000005,8.5,8.5
2024-06-11 21:20:00,7.1000000000000005,8.5,8.5
2024-06-11 21:30:00,7.4,8.5,8.5
2024-06-11 21:40:00,7.1000000000000005,8.5,8.5
2024-06-11 21:50:00,7.1000000000000005,8.5,8.5
2024-06-11 22:00:00,7.1000000000000005,8.5,8.5
2024-06-11 22:10:00,7.2,8.5,8.5
2024-06-11 22:20:00,7.1000000000000005,8.5,8.5
2024-06-11 22:30:00,7.1000000000000005,8.5,8.5
2024-06-11 22:40:00,7.1000000000000005,8.5,8.5
2024-06-11 22:50:00,7.1000000000000005,8.5,8.5
2024-06-11 23:00:00,7.1000000000000005,8.5,8.5
2024-06-11 23:10:00,7.1000000000000005,8.5,8.5
2024-06-11 23:20:00,7.0,8.5,8.5
2024-06-11 23:30:00,7.1000000000000005,8.5,8.5
2024-06-11 23:40:00,7.1000000000000005,8.5,8.5
2024-06-11 23:50:00,7.1000000000000005,8.5,8.5
2024-06-12 00:00:00,7.1000000000000005,8.5,8.5
2024-06-12 00:10:00,7.1000000000000005,8.5,8.5
2024-06-12 00:20:00,7.1000000000000005,8.5,8.5
2024-06-12 00:30:00,7.1000000000000005,8.5,8.5
2024-06-12 00:40:00,7.2,8.5,8.5
2024-06-12 00:50:00,7.2,8.5,8.5
2024-06-12 01:00:00,7.1000000000000005,8.5,8.5
2024-06-12 01:10:00,7.1000000000000005,8.5,8.5
2024-06-12 01:20:00,7.1000000000000005,8.5,8.5
2024-06-12 01:30:00,7.1000000000000005,8.5,8.5
2024-06-12 01:40:00,7.1000000000000005,8.5,8.5
2024-06-12 01:50:00,7.1000000000000005,8.5,8.5
2024-06-12 02:00:00,7.1000000000000005,8.5,8.5
2024-06-12 02:10:00,7.1000000000000005,8.5,8.5
2024-06-12 02:20:00,7.1000000000000005,8.5,8.5
2024-06-12 02:30:00,7.1000000000000005,8.5,8.5
2024-06-12 02:40:00,7.1000000000000005,8.5,8.5
2024-06-12 02:50:00,7.3,8.5,8.5
2024-06-12 03:00:00,7.1000000000000005,8.5,8.5
2024-06-12 03:10:00,7.1000000000000005,8.5,8.5
2024-06-12 03:20:00,7.1000000000000005,8.5,8.5
2024-06-12 03:30:00,7.1000000000000005,8.5,8.5
2024-06-12 03:40:00,7.4,8.5,8.5
2024-06-12 03:50:00,7.4,9.8,8.5
2024-06-12 04:00:00,7.1000000000000005,9.8,8.5
2024-06-12 04:10:00,7.0,9.8,8.5
2024-06-12 04:20:00,7.1000000000000005,9.8,8.5
2024-06-12 04:30:00,7.1000000000000005,9.8,8.5
2024-06-12 04:40:00,7.1000000000000005,9.8,8.5
2024-06-12 04:50:00,7.1000000000000005,9.8,8.5
2024-06-12 05:00:00,7.2,9.8,8.5
2024-06-12 05:10:00,7.1000000000000005,9.8,8.5
2024-06-12 05:20:00,7.1000000000000005,9.8,8.5
2024-06-12 05:30:00,7.1000000000000005,9.8,8.5
2024-06-12 05:40:00,7.1000000000000005,9.8,8.5
2024-06-12 05:50:00,7.1000000000000005,9.8,8.5
2024-06-12 06:00:00,7.1000000000000005,9.8,8.5
2024-06-12 06:10:00,7.3,9.8,8.5
2024-06-12 06:20:00,7.1000000000000005,9.8,8.5
2024-06-12 06:30:00,7.5,9.8,8.5
2024-06-12 06:40:00,7.3,9.8,8.5
2024-06-12 06:50:00,7.3,9.8,8.5
2024-06-12 07:00:00,8.6,9.8,8.5
2024-06-12 07:10:00,7.1000000000000005,9.8,8.5
2024-06-12 07:20:00,7.1000000000000005,9.8,8.5
2024-06-12 07:30:00,7.1000000000000005,9.8,8.5
2024-06-12 07:40:00,7.1000000000000005,9.8,8.5
2024-06-12 07:50:00,7.1000000000000005,9.8,8.5
2024-06-12 08:00:00,7.1000000000000005,9.8,8.5
2024-06-12 08:10:00,7.1000000000000005,9.8,8.5
2024-06-12 08:20:00,7.1000000000000005,9.8,8.5
2024-06-12 08:30:00,7.1000000000000005,9.8,8.5
2024-06-12 08:40:00,7.1000000000000005,9.8,8.5
2024-06-12 08:50:00,7.1000000000000005,9.8,8.5
2024-06-12 09:00:00,7.1000000000000005,9.8,8.5
2024-06-12 09:10:00,7.1000000000000005,9.8,8.5
2024-06-12 09:20:00,7.1000000000000005,9.8,8.5
2024-06-12 09:30:00,7.1000000000000005,9.8,8.5
2024-06-12 09:40:00,7.1000000000000005,9.8,8.5
2024-06-12 09:50:00,7.1000000000000005,9.8,8.5
2024-06-12 10:00:00,7.1000000000000005,9.8,8.5
2024-06-12 10:10:00,7.1000000000000005,9.8,8.5
2024-06-12 10:20:00,7.1000000000000005,9.8,8.5
2024-06-12 10:30:00,7.1000000000000005,9.8,8.5
2024-06-12 10:40:00,7.1000000000000005,9.8,8.5
2024-06-12 10:50:00,7.1000000000000005,10.1,8.5
2024-06-12 11:00:00,7.1000000000000005,10.1,8.5
2024-06-12 11:10:00,7.1000000000000005,10.1,8.5
2024-06-12 11:20:00,7.1000000000000005,10.1,8.5
2024-06-12 11:30:00,7.1000000000000005,10.1,8.5
2024-06-12 11:40:00,7.1000000000000005,10.1,8.5
2024-06-12 11:50:00,7.1000000000000005,10.1,8.5
2024-06-12 12:00:00,7.1000000000000005,10.1,8.5
2024-06-12 12:10:00,7.1000000000000005,10.1,8.5
2024-06-12 12:20:00,7.1000000000000005,10.1,8.5
2024-06-12 12:30:00,7.2,10.1,8.5
2024-06-12 12:40:00,7.0,10.1,8.5
2024-06-12 12:50:00,7.0,10.1,8.5
2024-06-12 13:00:00,7.0,10.1,8.5
2024-06-12 13:10:00,7.1000000000000005,10.1,8.5
2024-06-12 13:20:00,7.0,10.1,8.5
2024-06-12 13:30:00,7.1000000000000005,10.1,8.5
2024-06-12 13:40:00,7.0,10.1,8.5
2024-06-12 13:50:00,7.7,10.1,8.5
2024-06-12 14:00:00,7.1000000000000005,10.1,8.5
2024-06-12 14:10:00,7.1000000000000005,10.1,8.5
2024-06-12 14:20:00,7.1000000000000005,10.1,8.5
2024-06-12 14:30:00,7.0,10.1,8.5
2024-06-12 14:40:00,7.1000000000000005,10.1,8.5
2024-06-12 14:50:00,36.0,10.1,8.5
2024-06-12 15:00:00,7.2,10.1,8.5
2024-06-12 15:10:00,7.1000000000000005,9.8,8.5
2024-06-12 15:20:00,7.0,9.8,8.5
2024-06-12 15:30:00,7.1000000000000005,9.8,8.5
2024-06-12 15:40:00,7.1000000000000005,9.8,8.5
2024-06-12 15:50:00,7.1000000000000005,9.8,8.5
2024-06-12 16:00:00,7.1000000000000005,9.8,8.5
2024-06-12 16:10:00,7.6,9.8,8.5
2024-06-12 16:20:00,7.6,9.8,8.5
2024-06-12 16:30:00,7.2,9.8,8.5
2024-06-12 16:40:00,8.0,9.8,8.5
2024-06-12 16:50:00,7.1000000000000005,9.8,8.5
2024-06-12 17:00:00,7.1000000000000005,9.8,8.5
2024-06-12 17:10:00,7.1000000000000005,9.8,8.5
2024-06-12 17:20:00,7.1000000000000005,9.8,8.5
2024-06-12 17:30:00,7.1000000000000005,9.8,8.5
2024-06-12 17:40:00,10.9,9.8,8.5
2024-06-12 17:50:00,7.1000000000000005,9.8,8.5
2024-06-12 18:00:00,7.1000000000000005,9.8,8.5
2024-06-12 18:10:00,7.0,9.8,8.5
2024-06-12 18:20:00,7.0,9.8,8.5
2024-06-12 18:30:00,7.1000000000000005,9.8,8.5
2024-06-12 18:40:00,7.1000000000000005,9.8,8.5
2024-06-12 18:50:00,7.1000000000000005,9.8,8.5
2024-06-12 19:00:00,7.1000000000000005,9.8,8.5
2024-06-12 19:10:00,7.1000000000000005,9.8,8.5
2024-06-12 19:20:00,7.0,9.8,8.5
2024-06-12 19:30:00,7.0,9.8,8.5
2024-06-12 19:40:00,7.0,9.8,8.5
2024-06-12 19:50:00,7.1000000000000005,9.8,8.5
2024-06-12 20:00:00,7.1000000000000005,9.8,8.5
2024-06-12 20:10:00,7.0,9.8,8.5
2024-06-12 20:20:00,7.0,9.8,8.5
2024-06-12 20:30:00,7.0,9.8,8.5
2024-06-12 20:40:00,7.1000000000000005,9.8,8.5
2024-06-12 20:50:00,7.8,9.8,8.5
2024-06-12 21:00:00,7.1000000000000005,9.8,8.5
2024-06-12 21:10:00,7.1000000000000005,9.8,8.5
2024-06-12 21:20:00,7.1000000000000005,9.8,8.5
2024-06-12 21:30:00,9.7,9.8,8.5
2024-06-12 21:40:00,9.7,9.8,8.5
2024-06-12 21:50:00,7.1000000000000005,9.8,8.5
2024-06-12 22:00:00,7.1000000000000005,9.8,8.5
2024-06-12 22:10:00,7.1000000000000005,9.8,8.5
2024-06-12 22:20:00,7.1000000000000005,9.8,8.5
2024-06-12 22:30:00,7.1000000000000005,9.8,8.5
2024-06-12 22:40:00,7.1000000000000005,9.8,8.5
2024-06-12 22:50:00,7.1000000000000005,9.8,8.5
2024-06-12 23:00:00,7.1000000000000005,9.8,8.5
2024-06-12 23:10:00,7.2,9.8,8.5
2024-06-12 23:20:00,7.1000000000000005,9.8,8.5
2024-06-12 23:30:00,7.1000000000000005,9.8,8.5
2024-06-12 23:40:00,7.1000000000000005,9.8,8.5
2024-06-12 23:50:00,7.1000000000000005,9.8,8.5
2024-06-13 00:00:00,7.1000000000000005,9.8,8.5
2024-06-13 00:10:00,7.1000000000000005,9.8,8.5
2024-06-13 00:20:00,7.1000000000000005,9.8,8.5
2024-06-13 00:30:00,7.1000000000000005,9.8,8.5
2024-06-13 00:40:00,8.7,9.8,8.5
2024-06-13 00:50:00,7.1000000000000005,9.8,8.5
2024-06-13 01:00:00,7.2,9.8,8.5
2024-06-13 01:10:00,7.1000000000000005,9.8,8.5
2024-06-13 01:20:00,7.1000000000000005,9.8,8.5
2024-06-13 01:30:00,7.1000000000000005,9.8,8.5
2024-06-13 01:40:00,7.1000000000000005,9.8,8.5
2024-06-13 01:50:00,7.1000000000000005,9.8,8.5
2024-06-13 02:00:00,7.1000000000000005,9.8,8.5
2024-06-13 02:10:00,7.1000000000000005,9.8,8.5
2024-06-13 02:20:00,7.1000000000000005,9.8,8.5
2024-06-13 02:30:00,7.1000000000000005,9.8,8.5
2024-06-13 02:40:00,7.1000000000000005,9.8,8.5
2024-06-13 02:50:00,7.1000000000000005,9.8,8.5
2024-06-13 03:00:00,7.1000000000000005,9.8,8.5
2024-06-13 03:10:00,88.5,9.8,8.5
2024-06-13 03:20:00,7.1000000000000005,9.8,8.5
2024-06-13 03:30:00,9.7,9.8,8.5
2024-06-13 03:40:00,7.1000000000000005,9.8,8.5
2024-06-13 03:50:00,7.3,9.8,8.5
2024-06-13 04:00:00,7.1000000000000005,9.8,8.5
2024-06-13 04:10:00,7.1000000000000005,9.8,8.5
2024-06-13 04:20:00,7.1000000000000005,9.8,8.5
2024-06-13 04:30:00,7.1000000000000005,9.8,8.5
2024-06-13 04:40:00,7.6,9.8,8.5
2024-06-13 04:50:00,7.2,9.8,8.5
2024-06-13 05:00:00,7.1000000000000005,9.8,8.5
2024-06-13 05:10:00,7.1000000000000005,9.8,8.5
2024-06-13 05:20:00,7.2,9.8,8.5
2024-06-13 05:30:00,7.1000000000000005,9.8,8.5
2024-06-13 05:40:00,7.1000000000000005,9.8,8.5
2024-06-13 05:50:00,7.1000000000000005,9.8,8.5
2024-06-13 06:00:00,7.8,9.8,8.5
2024-06-13 06:10:00,7.3,9.8,8.5
2024-06-13 06:20:00,7.1000000000000005,9.8,8.5
2024-06-13 06:30:00,7.1000000000000005,9.8,8.5
2024-06-13 06:40:00,7.2,9.8,8.5
2024-06-13 06:50:00,7.1000000000000005,9.8,8.5
2024-06-13 07:00:00,7.3,9.8,8.5
2024-06-13 07:10:00,7.1000000000000005,9.8,8.5
2024-06-13 07:20:00,7.1000000000000005,9.8,8.5
2024-06-13 07:30:00,7.1000000000000005,9.8,8.5
2024-06-13 07:40:00,7.1000000000000005,9.8,8.5
2024-06-13 07:50:00,7.1000000000000005,9.8,8.5
2024-06-13 08:00:00,7.1000000000000005,9.8,8.5
2024-06-13 08:10:00,7.1000000000000005,9.8,8.5
2024-06-13 08:20:00,7.1000000000000005,9.8,8.5
2024-06-13 08:30:00,7.1000000000000005,9.8,8.5
2024-06-13 08:40:00,7.1000000000000005,9.8,8.5
2024-06-13 08:50:00,7.0,9.8,8.5
2024-06-13 09:00:00,7.1000000000000005,9.8,8.5
2024-06-13 09:10:00,7.1000000000000005,9.8,8.5
2024-06-13 09:20:00,7.1000000000000005,9.8,8.5
2024-06-13 09:30:00,7.1000000000000005,9.8,8.5
2024-06-13 09:40:00,7.3,9.8,8.5
2024-06-13 09:50:00,7.1000000000000005,9.8,8.5
2024-06-13 10:00:00,7.1000000000000005,9.8,8.5
2024-06-13 10:10:00,7.1000000000000005,9.8,8.5
2024-06-13 10:20:00,7.1000000000000005,9.8,8.5
2024-06-13 10:30:00,7.2,9.8,8.5
2024-06-13 10:40:00,7.1000000000000005,9.8,8.5
2024-06-13 10:50:00,7.1000000000000005,9.8,8.5
2024-06-13 11:00:00,7.0,9.8,8.5
2024-06-13 11:10:00,7.0,9.8,8.5
2024-06-13 11:20:00,7.1000000000000005,9.8,8.5
2024-06-13 11:30:00,7.1000000000000005,9.8,8.5
2024-06-13 11:40:00,7.0,9.8,8.5
2024-06-13 11:50:00,7.1000000000000005,9.8,8.5
2024-06-13 12:00:00,7.1000000000000005,9.8,8.5
2024-06-13 12:10:00,7.0,9.8,8.5
2024-06-13 12:20:00,7.8,9.8,8.5
2024-06-13 12:30:00,7.1000000000000005,9.8,8.5
2024-06-13 12:40:00,7.1000000000000005,9.8,8.5
2024-06-13 12:50:00,7.1000000000000005,9.9,8.5
2024-06-13 13:00:00,7.1000000000000005,9.9,8.5
2024-06-13 13:10:00,7.1000000000000005,9.9,8.5
2024-06-13 13:20:00,7.0,9.9,8.5
2024-06-13 13:30:00,7.0,9.9,8.5
2024-06-13 13:40:00,7.1000000000000005,9.9,8.5
2024-06-13 13:50:00,7.0,9.9,8.5
2024-06-13 14:00:00,7.1000000000000005,9.9,8.5
2024-06-13 14:10:00,7.1000000000000005,9.9,8.5
2024-06-13 14:20:00,7.1000000000000005,9.9,8.5
2024-06-13 14:30:00,7.2,9.9,8.5
2024-06-13 14:40:00,7.1000000000000005,9.9,8.5
2024-06-13 14:50:00,7.1000000000000005,9.9,8.5
2024-06-13 15:00:00,7.0,9.9,8.5
2024-06-13 15:10:00,7.1000000000000005,9.9,8.5
2024-06-13 15:20:00,7.1000000000000005,9.9,8.5
2024-06-13 15:30:00,7.1000000000000005,9.9,8.5
2024-06-13 15:40:00,7.1000000000000005,9.9,8.5
2024-06-13 15:50:00,7.1000000000000005,9.9,8.5
2024-06-13 16:00:00,7.1000000000000005,9.9,8.5
2024-06-13 16:10:00,7.0,9.9,8.5
2024-06-13 16:20:00,7.0,9.9,8.5
2024-06-13 16:30:00,7.0,9.9,8.5
2024-06-13 16:40:00,7.1000000000000005,9.9,8.5
2024-06-13 16:50:00,7.1000000000000005,9.9,8.5
2024-06-13 17:00:00,7.0,9.9,8.5
2024-06-13 17:10:00,7.1000000000000005,9.9,8.5
2024-06-13 17:20:00,7.1000000000000005,9.9,8.5
2024-06-13 17:30:00,7.2,9.9,8.5
2024-06-13 17:40:00,7.1000000000000005,9.9,8.5
2024-06-13 17:50:00,7.0,9.9,8.5
2024-06-13 18:00:00,7.0,9.9,8.5
2024-06-13 18:10:00,11.2,9.9,8.5
2024-06-13 18:20:00,7.0,9.9,8.5
2024-06-13 18:30:00,7.0,9.9,8.5
2024-06-13 18:40:00,7.0,9.9,8.5
2024-06-13 18:50:00,7.1000000000000005,9.9,8.5
2024-06-13 19:00:00,7.1000000000000005,9.9,8.5
2024-06-13 19:10:00,7.1000000000000005,9.9,8.5
2024-06-13 19:20:00,7.1000000000000005,9.9,8.5
2024-06-13 19:30:00,7.0,9.9,8.5
2024-06-13 19:40:00,7.1000000000000005,9.9,8.5
2024-06-13 19:50:00,7.1000000000000005,9.9,8.5
2024-06-13 20:00:00,7.1000000000000005,9.9,8.5
2024-06-13 20:10:00,7.1000000000000005,9.9,8.5
2024-06-13 20:20:00,7.1000000000000005,9.9,8.5
2024-06-13 20:30:00,7.1000000000000005,9.9,8.5
2024-06-13 20:40:00,7.1000000000000005,9.9,8.5
2024-06-13 20:50:00,7.1000000000000005,9.9,8.5
2024-06-13 21:00:00,7.1000000000000005,9.9,8.5
2024-06-13 21:10:00,7.1000000000000005,9.9,8.5
2024-06-13 21:20:00,7.1000000000000005,9.9,8.5
2024-06-13 21:30:00,9.5,9.9,8.5
2024-06-13 21:40:00,7.3,9.9,8.5
2024-06-13 21:50:00,7.4,9.9,8.5
2024-06-13 22:00:00,7.1000000000000005,9.9,8.5
2024-06-13 22:10:00,7.1000000000000005,9.9,8.5
2024-06-13 22:20:00,7.1000000000000005,9.9,8.5
2024-06-13 22:30:00,7.1000000000000005,9.9,8.5
2024-06-13 22:40:00,7.1000000000000005,9.9,8.5
2024-06-13 22:50:00,7.1000000000000005,9.9,8.5
2024-06-13 23:00:00,7.1000000000000005,9.9,8.5
2024-06-13 23:10:00,7.1000000000000005,9.9,8.5
2024-06-13 23:20:00,9.0,9.9,8.5
2024-06-13 23:30:00,7.1000000000000005,9.9,8.5
2024-06-13 23:40:00,7.1000000000000005,9.9,8.5
2024-06-13 23:50:00,7.2,9.9,8.5
2024-06-14 00:00:00,22.700000000000003,9.9,8.5
2024-06-14 00:10:00,7.1000000000000005,9.9,8.5
2024-06-14 00:20:00,21.4,9.9,8.5
2024-06-14 00:30:00,7.1000000000000005,9.9,8.5
2024-06-14 00:40:00,7.1000000000000005,9.9,8.5
2024-06-14 00:50:00,7.1000000000000005,9.9,8.5
2024-06-14 01:00:00,7.1000000000000005,9.9,8.5
2024-06-14 01:10:00,7.1000000000000005,9.9,8.5
2024-06-14 01:20:00,7.4,9.9,8.5
2024-06-14 01:30:00,7.1000000000000005,9.9,8.5
2024-06-14 01:40:00,7.2,9.9,8.5
2024-06-14 01:50:00,7.1000000000000005,9.9,8.5
2024-06-14 02:00:00,7.1000000000000005,9.9,8.5
2024-06-14 02:10:00,7.1000000000000005,9.9,8.5
2024-06-14 02:20:00,7.2,9.9,8.5
2024-06-14 02:30:00,7.2,9.9,8.5
2024-06-14 02:40:00,7.2,9.9,8.5
2024-06-14 02:50:00,7.1000000000000005,9.9,8.5
2024-06-14 03:00:00,7.1000000000000005,9.9,8.5
2024-06-14 03:10:00,7.1000000000000005,9.9,8.5
2024-06-14 03:20:00,7.0,9.9,8.5
2024-06-14 03:30:00,9.5,9.9,8.5
2024-06-14 03:40:00,9.5,9.9,8.5
2024-06-14 03:50:00,7.1000000000000005,9.9,8.5
2024-06-14 04:00:00,7.1000000000000005,9.9,8.5
2024-06-14 04:10:00,7.1000000000000005,9.9,8.5
2024-06-14 04:20:00,7.1000000000000005,9.9,8.5
2024-06-14 04:30:00,7.1000000000000005,9.9,8.5
2024-06-14 04:40:00,7.1000000000000005,9.9,8.5
2024-06-14 04:50:00,7.1000000000000005,9.9,8.5
2024-06-14 05:00:00,7.1000000000000005,9.9,8.5
2024-06-14 05:10:00,7.1000000000000005,9.9,8.5
2024-06-14 05:20:00,7.1000000000000005,9.9,8.5
2024-06-14 05:30:00,7.1000000000000005,9.9,8.5
2024-06-14 05:40:00,7.3,9.9,8.5
2024-06-14 05:50:00,7.3,9.9,8.5
2024-06-14 06:00:00,7.3,9.9,8.5
2024-06-14 06:10:00,7.3,9.9,8.5
2024-06-14 06:20:00,7.3,9.9,8.5
2024-06-14 06:30:00,7.3,9.9,8.5
2024-06-14 06:40:00,7.3,9.9,8.5
2024-06-14 06:50:00,7.3,9.9,8.5
2024-06-14 07:00:00,7.3,9.9,8.5
2024-06-14 07:10:00,7.3,9.9,8.5
2024-06-14 07:20:00,7.3,9.9,8.5
2024-06-14 07:30:00,7.3,9.9,8.5
2024-06-14 07:40:00,7.3,9.9,8.5
2024-06-14 07:50:00,8.0,9.9,8.5
2024-06-14 08:00:00,8.0,9.9,8.5
2024-06-14 08:10:00,7.3,9.9,8.5
2024-06-14 08:20:00,7.3,9.9,8.5
2024-06-14 08:30:00,7.3,9.9,8.5
2024-06-14 08:40:00,7.3,9.9,8.5
2024-06-14 08:50:00,7.3,9.9,8.5
2024-06-14 09:00:00,7.2,9.9,8.5
2024-06-14 09:10:00,7.3,9.9,8.5
2024-06-14 09:20:00,7.3,9.9,8.5
2024-06-14 09:30:00,7.3,9.9,8.5
2024-06-14 09:40:00,8.0,9.9,8.5
2024-06-14 09:50:00,7.3,9.9,8.5
2024-06-14 10:00:00,7.3,9.9,8.5
2024-06-14 10:10:00,7.3,9.9,8.5
2024-06-14 10:20:00,7.3,9.9,8.5
2024-06-14 10:30:00,7.3,9.9,8.5
2024-06-14 10:40:00,7.2,9.9,8.5
2024-06-14 10:50:00,7.2,9.9,8.5
2024-06-14 11:00:00,7.3,9.9,8.5
2024-06-14 11:10:00,7.2,9.9,8.5
2024-06-14 11:20:00,7.3,9.7,8.5
2024-06-14 11:30:00,7.6,9.7,8.5
2024-06-14 11:40:00,7.2,9.7,8.5
2024-06-14 11:50:00,7.2,9.7,8.5
2024-06-14 12:00:00,7.2,9.7,8.5
2024-06-14 12:10:00,7.5,9.7,8.5
2024-06-14 12:20:00,7.2,9.7,8.5
2024-06-14 12:30:00,7.2,9.7,8.5
2024-06-14 12:40:00,7.6,9.7,8.5
2024-06-14 12:50:00,7.2,9.7,8.5
2024-06-14 13:00:00,7.2,9.7,8.5
2024-06-14 13:10:00,7.8,9.7,8.5
2024-06-14 13:20:00,7.3,9.7,8.5
2024-06-14 13:30:00,7.2,9.7,8.5
2024-06-14 13:40:00,7.1000000000000005,9.7,8.5
2024-06-14 13:50:00,7.3,9.7,8.5
2024-06-14 14:00:00,7.3,9.7,8.5
2024-06-14 14:10:00,7.3,9.7,8.5
2024-06-14 14:20:00,7.3,9.7,8.5
2024-06-14 14:30:00,7.3,9.7,8.5
2024-06-14 14:40:00,7.2,9.7,8.5
2024-06-14 14:50:00,7.2,9.7,8.5
2024-06-14 15:00:00,7.2,9.7,8.5
2024-06-14 15:10:00,7.2,9.7,8.5
2024-06-14 15:20:00,7.3,9.7,8.5
2024-06-14 15:30:00,9.7,9.7,8.5
2024-06-14 15:40:00,7.3,9.7,8.5
2024-06-14 15:50:00,7.2,9.7,8.5
2024-06-14 16:00:00,7.2,9.7,8.5
2024-06-14 16:10:00,8.200000000000001,9.7,8.5
2024-06-14 16:20:00,7.2,9.7,8.5
2024-06-14 16:30:00,7.3,9.7,8.5
2024-06-14 16:40:00,7.3,9.7,8.5
2024-06-14 16:50:00,7.7,9.7,8.5
2024-06-14 17:00:00,7.7,8.5,8.5
2024-06-14 17:10:00,7.0,8.5,8.5
2024-06-14 17:20:00,7.0,8.6,8.5
2024-06-14 17:30:00,7.0,9.8,8.5
2024-06-14 17:40:00,7.1000000000000005,10.5,8.5
2024-06-14 17:50:00,7.1000000000000005,10.5,8.5
2024-06-14 18:00:00,7.0,10.5,8.5
2024-06-14 18:10:00,7.0,10.5,8.5
2024-06-14 18:20:00,108.5,10.5,8.5
2024-06-14 18:30:00,7.1000000000000005,10.5,8.5
2024-06-14 18:40:00,9.6,10.5,8.5
2024-06-14 18:50:00,7.0,10.5,8.5
2024-06-14 19:00:00,7.0,10.5,8.5
2024-06-14 19:10:00,9.5,10.5,8.5
2024-06-14 19:20:00,7.1000000000000005,10.5,8.5
2024-06-14 19:30:00,7.0,10.5,8.5
2024-06-14 19:40:00,7.1000000000000005,10.5,8.5
2024-06-14 19:50:00,7.1000000000000005,10.5,8.5
2024-06-14 20:00:00,7.2,10.5,8.5
2024-06-14 20:10:00,7.1000000000000005,10.5,8.5
2024-06-14 20:20:00,7.1000000000000005,10.5,8.5
2024-06-14 20:30:00,7.0,10.5,8.5
2024-06-14 20:40:00,7.1000000000000005,10.5,8.5
2024-06-14 20:50:00,19.9,10.5,8.5
2024-06-14 21:00:00,7.2,10.5,8.5
2024-06-14 21:10:00,7.1000000000000005,10.5,8.5
2024-06-14 21:20:00,7.1000000000000005,10.5,8.5
2024-06-14 21:30:00,7.1000000000000005,10.5,8.5
2024-06-14 21:40:00,7.1000000000000005,10.5,8.5
2024-06-14 21:50:00,7.1000000000000005,10.5,8.5
2024-06-14 22:00:00,7.1000000000000005,10.5,8.5
2024-06-14 22:10:00,7.1000000000000005,10.5,8.5
2024-06-14 22:20:00,7.5,10.5,8.5
2024-06-14 22:30:00,7.1000000000000005,10.5,8.5
2024-06-14 22:40:00,7.1000000000000005,10.5,8.5
2024-06-14 22:50:00,7.1000000000000005,10.5,8.5
2024-06-14 23:00:00,7.1000000000000005,10.5,8.5
2024-06-14 23:10:00,7.3,10.5,8.5
2024-06-14 23:20:00,7.3,10.5,8.5
2024-06-14 23:30:00,7.3,10.5,8.5
2024-06-14 23:40:00,7.1000000000000005,10.5,8.5
2024-06-14 23:50:00,7.2,10.5,8.5
2024-06-15 00:00:00,7.4,10.5,8.5
2024-06-15 00:10:00,7.1000000000000005,10.5,8.5
2024-06-15 00:20:00,7.1000000000000005,10.5,8.5
2024-06-15 00:30:00,7.1000000000000005,10.5,8.5
2024-06-15 00:40:00,7.1000000000000005,10.5,8.5
2024-06-15 00:50:00,7.1000000000000005,10.5,8.5
2024-06-15 01:00:00,7.1000000000000005,10.5,8.5
2024-06-15 01:10:00,7.1000000000000005,10.5,8.5
2024-06-15 01:20:00,7.1000000000000005,10.5,8.5
2024-06-15 01:30:00,7.1000000000000005,10.5,8.5
2024-06-15 01:40:00,7.1000000000000005,10.5,8.5
2024-06-15 01:50:00,7.0,10.5,8.5
2024-06-15 02:00:00,7.2,10.5,8.5
2024-06-15 02:10:00,7.1000000000000005,10.5,8.5
2024-06-15 02:20:00,7.2,10.5,8.5
2024-06-15 02:30:00,7.1000000000000005,10.5,8.5
2024-06-15 02:40:00,7.1000000000000005,10.5,8.5
2024-06-15 02:50:00,7.1000000000000005,10.5,8.5
2024-06-15 03:00:00,7.1000000000000005,10.5,8.5
2024-06-15 03:10:00,7.9,10.5,8.5
2024-06-15 03:20:00,7.0,10.5,8.5
2024-06-15 03:30:00,7.0,10.5,8.5
2024-06-15 03:40:00,7.1000000000000005,10.5,8.5
2024-06-15 03:50:00,7.1000000000000005,10.5,8.5
2024-06-15 04:00:00,7.1000000000000005,10.5,8.5
2024-06-15 04:10:00,7.4,10.5,8.5
2024-06-15 04:20:00,7.1000000000000005,10.5,8.5
2024-06-15 04:30:00,7.1000000000000005,10.5,8.5
2024-06-15 04:40:00,7.1000000000000005,10.5,8.5
2024-06-15 04:50:00,7.1000000000000005,10.5,8.5
2024-06-15 05:00:00,7.1000000000000005,10.5,8.5
2024-06-15 05:10:00,7.1000000000000005,10.5,8.5
2024-06-15 05:20:00,7.1000000000000005,10.5,8.5
2024-06-15 05:30:00,7.1000000000000005,10.5,8.5
2024-06-15 05:40:00,7.1000000000000005,10.5,8.5
2024-06-15 05:50:00,7.1000000000000005,10.5,8.5
2024-06-15 06:00:00,7.1000000000000005,10.5,8.5
2024-06-15 06:10:00,7.2,10.5,8.5
2024-06-15 06:20:00,7.1000000000000005,10.5,8.5
2024-06-15 06:30:00,7.1000000000000005,10.5,8.5
2024-06-15 06:40:00,7.1000000000000005,10.5,8.5
2024-06-15 06:50:00,7.1000000000000005,10.5,8.5
2024-06-15 07:00:00,7.1000000000000005,10.5,8.5
2024-06-15 07:10:00,7.1000000000000005,10.5,8.5
2024-06-15 07:20:00,7.1000000000000005,10.5,8.5
2024-06-15 07:30:00,7.2,10.5,8.5
2024-06-15 07:40:00,7.2,10.5,8.5
2024-06-15 07:50:00,7.1000000000000005,10.5,8.5
2024-06-15 08:00:00,7.1000000000000005,10.5,8.5
2024-06-15 08:10:00,7.1000000000000005,10.5,8.5
2024-06-15 08:20:00,7.1000000000000005,10.5,8.5
2024-06-15 08:30:00,7.2,10.5,8.5
2024-06-15 08:40:00,7.3,10.5,8.5
2024-06-15 08:50:00,7.3,10.5,8.5
2024-06-15 09:00:00,7.1000000000000005,10.5,8.5
2024-06-15 09:10:00,7.2,10.5,8.5
2024-06-15 09:20:00,7.1000000000000005,10.5,8.5
2024-06-15 09:30:00,7.1000000000000005,10.5,8.5
2024-06-15 09:40:00,7.2,10.5,8.5
2024-06-15 09:50:00,7.2,10.5,8.5
2024-06-15 10:00:00,7.1000000000000005,10.5,8.5
2024-06-15 10:10:00,7.1000000000000005,10.5,8.5
2024-06-15 10:20:00,7.2,10.5,8.5
2024-06-15 10:30:00,7.1000000000000005,10.5,8.5
2024-06-15 10:40:00,7.1000000000000005,10.5,8.5
2024-06-15 10:50:00,7.1000000000000005,10.5,8.5
2024-06-15 11:00:00,7.1000000000000005,10.5,8.5
2024-06-15 11:10:00,7.1000000000000005,10.5,8.5
2024-06-15 11:20:00,7.2,10.5,8.5
2024-06-15 11:30:00,7.1000000000000005,10.5,8.5
2024-06-15 11:40:00,7.1000000000000005,10.5,8.5
2024-06-15 11:50:00,7.1000000000000005,10.5,8.5
2024-06-15 12:00:00,7.1000000000000005,10.5,8.5
2024-06-15 12:10:00,7.1000000000000005,10.5,8.5
2024-06-15 12:20:00,7.2,10.5,8.5
2024-06-15 12:30:00,7.1000000000000005,10.5,8.5
2024-06-15 12:40:00,7.1000000000000005,10.5,8.5
2024-06-15 12:50:00,7.1000000000000005,10.5,8.5
2024-06-15 13:00:00,7.1000000000000005,10.5,8.5
2024-06-15 13:10:00,7.0,10.5,8.5
2024-06-15 13:20:00,7.1000000000000005,10.5,8.5
2024-06-15 13:30:00,7.1000000000000005,10.5,8.5
2024-06-15 13:40:00,7.1000000000000005,10.5,8.5
2024-06-15 13:50:00,7.1000000000000005,10.5,8.5
2024-06-15 14:00:00,7.1000000000000005,10.5,8.5
2024-06-15 14:10:00,7.1000000000000005,10.5,8.5
2024-06-15 14:20:00,7.1000000000000005,10.5,8.5
2024-06-15 14:30:00,7.1000000000000005,10.5,8.5
2024-06-15 14:40:00,7.1000000000000005,10.5,8.5
2024-06-15 14:50:00,7.1000000000000005,10.5,8.5
2024-06-15 15:00:00,7.1000000000000005,10.5,8.5
2024-06-15 15:10:00,7.1000000000000005,10.5,8.5
2024-06-15 15:20:00,7.1000000000000005,10.5,8.5
2024-06-15 15:30:00,7.1000000000000005,10.5,8.5
2024-06-15 15:40:00,7.1000000000000005,10.5,8.5
2024-06-15 15:50:00,7.1000000000000005,10.5,8.5
2024-06-15 16:00:00,7.1000000000000005,10.5,8.5
2024-06-15 16:10:00,7.1000000000000005,10.5,8.5
2024-06-15 16:20:00,7.1000000000000005,10.5,8.5
2024-06-15 16:30:00,7.1000000000000005,10.5,8.5
2024-06-15 16:40:00,7.1000000000000005,10.5,8.5
2024-06-15 16:50:00,7.1000000000000005,10.5,8.5
2024-06-15 17:00:00,7.1000000000000005,10.5,8.5
2024-06-15 17:10:00,7.1000000000000005,10.5,8.5
2024-06-15 17:20:00,7.1000000000000005,10.5,8.5
2024-06-15 17:30:00,7.1000000000000005,10.5,8.5
2024-06-15 17:40:00,7.1000000000000005,10.5,8.5
2024-06-15 17:50:00,7.1000000000000005,10.5,8.5
2024-06-15 18:00:00,7.1000000000000005,10.5,8.5
2024-06-15 18:10:00,7.1000000000000005,10.5,8.5
2024-06-15 18:20:00,7.1000000000000005,10.5,8.5
2024-06-15 18:30:00,7.1000000000000005,10.5,8.5
2024-06-15 18:40:00,7.1000000000000005,10.5,8.5
2024-06-15 18:50:00,7.1000000000000005,10.5,8.5
2024-06-15 19:00:00,7.1000000000000005,10.5,8.5
2024-06-15 19:10:00,7.1000000000000005,10.5,8.5
2024-06-15 19:20:00,7.1000000000000005,10.5,8.5
2024-06-15 19:30:00,7.1000000000000005,10.5,8.5
2024-06-15 19:40:00,7.1000000000000005,10.5,8.5
2024-06-15 19:50:00,7.1000000000000005,10.5,8.5
2024-06-15 20:00:00,7.1000000000000005,10.5,8.5
2024-06-15 20:10:00,7.1000000000000005,10.5,8.5
2024-06-15 20:20:00,7.1000000000000005,10.5,8.5
2024-06-15 20:30:00,7.1000000000000005,10.5,8.5
2024-06-15 20:40:00,7.1000000000000005,10.5,8.5
2024-06-15 20:50:00,7.1000000000000005,10.5,8.5
2024-06-15 21:00:00,7.1000000000000005,10.5,8.5
2024-06-15 21:10:00,7.1000000000000005,10.5,8.5
2024-06-15 21:20:00,7.1000000000000005,10.5,8.5
2024-06-15 21:30:00,7.1000000000000005,10.5,8.5
2024-06-15 21:40:00,7.1000000000000005,10.5,8.5
2024-06-15 21:50:00,7.1000000000000005,10.5,8.5
2024-06-15 22:00:00,7.1000000000000005,10.5,8.5
2024-06-15 22:10:00,7.1000000000000005,10.5,8.5
2024-06-15 22:20:00,7.1000000000000005,10.5,8.5
2024-06-15 22:30:00,7.1000000000000005,10.5,8.5
2024-06-15 22:40:00,7.1000000000000005,10.5,8.5
2024-06-15 22:50:00,7.1000000000000005,10.5,8.5
2024-06-15 23:00:00,7.1000000000000005,10.5,8.5
2024-06-15 23:10:00,7.1000000000000005,10.5,8.5
2024-06-15 23:20:00,7.1000000000000005,10.5,8.5
2024-06-15 23:30:00,7.1000000000000005,10.5,8.5
2024-06-15 23:40:00,7.1000000000000005,10.5,8.5
2024-06-15 23:50:00,7.1000000000000005,10.5,8.5
2024-06-16 00:00:00,7.1000000000000005,10.5,8.5
2024-06-16 00:10:00,7.1000000000000005,10.5,8.5
2024-06-16 00:20:00,7.1000000000000005,10.5,8.5
2024-06-16 00:30:00,7.1000000000000005,10.5,8.5
2024-06-16 00:40:00,7.1000000000000005,10.5,8.5
2024-06-16 00:50:00,7.1000000000000005,10.5,8.5
2024-06-16 01:00:00,7.1000000000000005,10.5,8.5
2024-06-16 01:10:00,7.1000000000000005,10.5,8.5
2024-06-16 01:20:00,7.1000000000000005,10.5,8.5
2024-06-16 01:30:00,7.1000000000000005,10.5,8.5
2024-06-16 01:40:00,7.1000000000000005,10.5,8.5
2024-06-16 01:50:00,7.1000000000000005,10.5,8.5
2024-06-16 02:00:00,7.1000000000000005,10.5,8.5
2024-06-16 02:10:00,7.1000000000000005,10.5,8.5
2024-06-16 02:20:00,7.1000000000000005,10.5,8.5
2024-06-16 02:30:00,7.1000000000000005,10.5,8.5
2024-06-16 02:40:00,7.1000000000000005,10.5,8.5
2024-06-16 02:50:00,7.1000000000000005,10.5,8.5
2024-06-16 03:00:00,7.1000000000000005,10.5,8.5
2024-06-16 03:10:00,7.1000000000000005,10.5,8.5
2024-06-16 03:20:00,7.1000000000000005,10.5,8.5
2024-06-16 03:30:00,7.1000000000000005,10.5,8.5
2024-06-16 03:40:00,7.1000000000000005,10.5,8.5
2024-06-16 03:50:00,7.1000000000000005,10.5,8.5
2024-06-16 04:00:00,7.1000000000000005,10.5,8.5
2024-06-16 04:10:00,7.1000000000000005,10.5,8.5
2024-06-16 04:20:00,7.1000000000000005,10.5,8.5
2024-06-16 04:30:00,7.1000000000000005,10.5,8.5
2024-06-16 04:40:00,7.1000000000000005,10.5,8.5
2024-06-16 04:50:00,7.1000000000000005,10.5,8.5
2024-06-16 05:00:00,7.1000000000000005,10.5,8.5
2024-06-16 05:10:00,7.1000000000000005,10.5,8.5
2024-06-16 05:20:00,7.1000000000000005,10.5,8.5
2024-06-16 05:30:00,7.1000000000000005,10.5,8.5
2024-06-16 05:40:00,7.1000000000000005,10.5,8.5
2024-06-16 05:50:00,7.1000000000000005,10.5,8.5
2024-06-16 06:00:00,7.1000000000000005,10.5,8.5
2024-06-16 06:10:00,7.1000000000000005,10.5,8.5
2024-06-16 06:20:00,7.1000000000000005,10.5,8.5
2024-06-16 06:30:00,7.1000000000000005,10.5,8.5
2024-06-16 06:40:00,7.1000000000000005,10.5,8.5
2024-06-16 06:50:00,7.1000000000000005,10.5,8.5
2024-06-16 07:00:00,7.1000000000000005,10.5,8.5
2024-06-16 07:10:00,7.1000000000000005,10.5,8.5
2024-06-16 07:20:00,7.1000000000000005,10.5,8.5
2024-06-16 07:30:00,7.1000000000000005,10.5,8.5
2024-06-16 07:40:00,7.1000000000000005,10.5,8.5
2024-06-16 07:50:00,7.1000000000000005,10.5,8.5
2024-06-16 08:00:00,7.1000000000000005,10.5,8.5
2024-06-16 08:10:00,7.1000000000000005,10.5,8.5
2024-06-16 08:20:00,7.1000000000000005,10.5,8.5
2024-06-16 08:30:00,7.1000000000000005,10.5,8.5
2024-06-16 08:40:00,7.1000000000000005,10.5,8.5
2024-06-16 08:50:00,7.1000000000000005,10.5,8.5
2024-06-16 09:00:00,7.1000000000000005,10.5,8.5
2024-06-16 09:10:00,7.1000000000000005,10.5,8.5
2024-06-16 09:20:00,7.1000000000000005,10.5,8.5
2024-06-16 09:30:00,7.1000000000000005,10.5,8.5
2024-06-16 09:40:00,7.1000000000000005,10.5,8.5
2024-06-16 09:50:00,7.1000000000000005,10.5,8.5
2024-06-16 10:00:00,7.1000000000000005,10.5,8.5
2024-06-16 10:10:00,7.1000000000000005,10.5,8.5
2024-06-16 10:20:00,7.1000000000000005,10.5,8.5
2024-06-16 10:30:00,7.1000000000000005,10.5,8.5
2024-06-16 10:40:00,7.1000000000000005,10.5,8.5
2024-06-16 10:50:00,7.1000000000000005,10.5,8.5
2024-06-16 11:00:00,7.1000000000000005,10.5,8.5
2024-06-16 11:10:00,7.1000000000000005,10.5,8.5
2024-06-16 11:20:00,7.1000000000000005,10.5,8.5
2024-06-16 11:30:00,7.1000000000000005,10.5,8.5
2024-06-16 11:40:00,7.1000000000000005,10.5,8.5
2024-06-16 11:50:00,7.1000000000000005,10.5,8.5
2024-06-16 12:00:00,7.1000000000000005,10.5,8.5
2024-06-16 12:10:00,7.1000000000000005,10.5,8.5
2024-06-16 12:20:00,7.1000000000000005,10.5,8.5
2024-06-16 12:30:00,7.1000000000000005,10.5,8.5
2024-06-16 12:40:00,7.1000000000000005,10.5,8.5
2024-06-16 12:50:00,7.1000000000000005,10.5,8.5
2024-06-16 13:00:00,7.1000000000000005,10.5,8.5
2024-06-16 13:10:00,7.1000000000000005,10.5,8.5
2024-06-16 13:20:00,7.1000000000000005,10.5,8.5
2024-06-16 13:30:00,7.1000000000000005,10.5,8.5
2024-06-16 13:40:00,7.1000000000000005,10.5,8.5
2024-06-16 13:50:00,7.1000000000000005,10.5,8.5
2024-06-16 14:00:00,7.1000000000000005,10.5,8.5
2024-06-16 14:10:00,7.1000000000000005,10.5,8.5
2024-06-16 14:20:00,7.1000000000000005,10.5,8.5
2024-06-16 14:30:00,7.1000000000000005,10.5,8.5
2024-06-16 14:40:00,7.1000000000000005,10.5,8.5
2024-06-16 14:50:00,7.1000000000000005,10.5,8.5
2024-06-16 15:00:00,7.1000000000000005,10.5,8.5
2024-06-16 15:10:00,7.1000000000000005,10.5,8.5
2024-06-16 15:20:00,7.1000000000000005,10.5,8.5
2024-06-16 15:30:00,7.1000000000000005,10.5,8.5
2024-06-16 15:40:00,7.1000000000000005,10.5,8.5
2024-06-16 15:50:00,7.1000000000000005,10.5,8.5
2024-06-16 16:00:00,7.1000000000000005,10.5,8.5
2024-06-16 16:10:00,7.1000000000000005,10.5,8.5
2024-06-16 16:20:00,7.1000000000000005,10.5,8.5
2024-06-16 16:30:00,7.1000000000000005,10.5,8.5
2024-06-16 16:40:00,7.1000000000000005,10.5,8.5
2024-06-16 16:50:00,7.1000000000000005,10.5,8.5
2024-06-16 17:00:00,7.1000000000000005,10.5,8.5
2024-06-16 17:10:00,7.1000000000000005,10.5,8.5
2024-06-16 17:20:00,7.1000000000000005,10.5,8.5
2024-06-16 17:30:00,7.1000000000000005,10.5,8.5
2024-06-16 17:40:00,7.1000000000000005,10.5,8.5
2024-06-16 17:50:00,7.1000000000000005,10.5,8.5
2024-06-16 18:00:00,7.1000000000000005,10.5,8.5
2024-06-16 18:10:00,7.1000000000000005,10.5,8.5
2024-06-16 18:20:00,7.1000000000000005,10.5,8.5
2024-06-16 18:30:00,7.1000000000000005,10.5,8.5
2024-06-16 18:40:00,7.1000000000000005,10.5,8.5
2024-06-16 18:50:00,7.1000000000000005,10.5,8.5
2024-06-16 19:00:00,7.1000000000000005,10.5,8.5
2024-06-16 19:10:00,7.1000000000000005,10.5,8.5
2024-06-16 19:20:00,7.1000000000000005,10.5,8.5
2024-06-16 19:30:00,7.1000000000000005,10.5,8.5
2024-06-16 19:40:00,7.1000000000000005,10.5,8.5
2024-06-16 19:50:00,7.1000000000000005,10.5,8.5
2024-06-16 20:00:00,7.1000000000000005,10.5,8.5
2024-06-16 20:10:00,7.1000000000000005,10.5,8.5
2024-06-16 20:20:00,7.1000000000000005,10.5,8.5
2024-06-16 20:30:00,7.1000000000000005,10.5,8.5
2024-06-16 20:40:00,7.1000000000000005,10.5,8.5
2024-06-16 20:50:00,7.1000000000000005,10.5,8.5
2024-06-16 21:00:00,7.1000000000000005,10.5,8.5
2024-06-16 21:10:00,7.1000000000000005,10.5,8.5
2024-06-16 21:20:00,7.1000000000000005,10.5,8.5
2024-06-16 21:30:00,7.1000000000000005,10.5,8.5
2024-06-16 21:40:00,7.1000000000000005,10.5,8.5
2024-06-16 21:50:00,7.1000000000000005,10.5,8.5
2024-06-16 22:00:00,7.1000000000000005,10.5,8.5
2024-06-16 22:10:00,7.1000000000000005,10.5,8.5
2024-06-16 22:20:00,7.1000000000000005,10.5,8.5
2024-06-16 22:30:00,7.1000000000000005,10.5,8.5
2024-06-16 22:40:00,7.1000000000000005,10.5,8.5
2024-06-16 22:50:00,7.1000000000000005,10.5,8.5
2024-06-16 23:00:00,7.1000000000000005,10.5,8.5
2024-06-16 23:10:00,7.1000000000000005,10.5,8.5
2024-06-16 23:20:00,7.1000000000000005,10.5,8.5
2024-06-16 23:30:00,7.1000000000000005,10.5,8.5
2024-06-16 23:40:00,7.1000000000000005,10.5,8.5
2024-06-16 23:50:00,7.1000000000000005,10.5,8.5
2024-06-17 00:00:00,7.1000000000000005,10.5,8.5
2024-06-17 00:10:00,7.1000000000000005,10.5,8.5
2024-06-17 00:20:00,7.1000000000000005,10.5,8.5
2024-06-17 00:30:00,7.1000000000000005,10.5,8.5
2024-06-17 00:40:00,7.1000000000000005,10.5,8.5
2024-06-17 00:50:00,7.1000000000000005,10.5,8.5
2024-06-17 01:00:00,7.1000000000000005,10.5,8.5
2024-06-17 01:10:00,7.1000000000000005,10.5,8.5
2024-06-17 01:20:00,7.1000000000000005,10.5,8.5
2024-06-17 01:30:00,7.1000000000000005,10.5,8.5
2024-06-17 01:40:00,7.1000000000000005,10.5,8.5
2024-06-17 01:50:00,7.1000000000000005,10.5,8.5
2024-06-17 02:00:00,7.1000000000000005,10.5,8.5
2024-06-17 02:10:00,7.1000000000000005,10.5,8.5
2024-06-17 02:20:00,7.1000000000000005,10.5,8.5
2024-06-17 02:30:00,7.1000000000000005,10.5,8.5
2024-06-17 02:40:00,7.1000000000000005,10.5,8.5
2024-06-17 02:50:00,7.1000000000000005,10.5,8.5
2024-06-17 03:00:00,7.1000000000000005,10.5,8.5
2024-06-17 03:10:00,7.1000000000000005,10.5,8.5
2024-06-17 03:20:00,7.1000000000000005,10.5,8.5
2024-06-17 03:30:00,7.1000000000000005,10.5,8.5
2024-06-17 03:40:00,7.1000000000000005,10.5,8.5
2024-06-17 03:50:00,7.1000000000000005,10.5,8.5
2024-06-17 04:00:00,7.1000000000000005,10.5,8.5
2024-06-17 04:10:00,7.1000000000000005,10.5,8.5
2024-06-17 04:20:00,7.1000000000000005,10.5,8.5
2024-06-17 04:30:00,7.1000000000000005,10.5,8.5
2024-06-17 04:40:00,7.1000000000000005,10.5,8.5
2024-06-17 04:50:00,7.1000000000000005,10.5,8.5
2024-06-17 05:00:00,7.1000000000000005,10.5,8.5
2024-06-17 05:10:00,7.1000000000000005,10.5,8.5
2024-06-17 05:20:00,7.1000000000000005,10.5,8.5
2024-06-17 05:30:00,7.1000000000000005,10.5,8.5
2024-06-17 05:40:00,7.1000000000000005,10.5,8.5
2024-06-17 05:50:00,7.1000000000000005,10.5,8.5
2024-06-17 06:00:00,7.1000000000000005,10.5,8.5
2024-06-17 06:10:00,7.1000000000000005,10.5,8.5
2024-06-17 06:20:00,7.1000000000000005,10.5,8.5
2024-06-17 06:30:00,7.1000000000000005,8.6,8.5
2024-06-17 06:40:00,7.1000000000000005,8.6,8.5
2024-06-17 06:50:00,7.1000000000000005,8.6,8.5
2024-06-17 07:00:00,7.1000000000000005,8.6,8.5
2024-06-17 07:10:00,7.1000000000000005,8.6,8.5
2024-06-17 07:20:00,7.1000000000000005,8.6,8.5
2024-06-17 07:30:00,7.1000000000000005,8.6,8.5
2024-06-17 07:40:00,7.1000000000000005,8.6,8.5
2024-06-17 07:50:00,7.1000000000000005,8.6,8.5
2024-06-17 08:00:00,7.1000000000000005,8.6,8.5
2024-06-17 08:10:00,7.1000000000000005,8.6,8.5
2024-06-17 08:20:00,7.1000000000000005,8.6,8.5
2024-06-17 08:30:00,7.1000000000000005,8.6,8.5
2024-06-17 08:40:00,7.1000000000000005,8.6,8.5
2024-06-17 08:50:00,7.1000000000000005,8.6,8.5
2024-06-17 09:00:00,7.1000000000000005,8.6,8.5
2024-06-17 09:10:00,7.1000000000000005,8.6,8.5
2024-06-17 09:20:00,7.1000000000000005,8.6,8.5
2024-06-17 09:30:00,7.1000000000000005,8.6,8.5
2024-06-17 09:40:00,7.1000000000000005,8.6,8.5
2024-06-17 09:50:00,7.1000000000000005,8.6,8.5
2024-06-17 10:00:00,7.1000000000000005,8.6,8.5
2024-06-17 10:10:00,7.1000000000000005,8.6,8.5
2024-06-17 10:20:00,7.1000000000000005,8.6,8.5
2024-06-17 10:30:00,7.1000000000000005,8.6,8.5
2024-06-17 10:40:00,7.1000000000000005,8.6,8.5
2024-06-17 10:50:00,7.1000000000000005,8.6,8.5
2024-06-17 11:00:00,7.1000000000000005,8.6,8.5
2024-06-17 11:10:00,7.1000000000000005,8.6,8.5
2024-06-17 11:20:00,7.1000000000000005,8.6,8.5
2024-06-17 11:30:00,7.1000000000000005,8.6,8.5
2024-06-17 11:40:00,7.1000000000000005,8.6,8.5
2024-06-17 11:50:00,7.1000000000000005,8.6,8.5
2024-06-17 12:00:00,7.1000000000000005,8.6,8.5
2024-06-17 12:10:00,7.1000000000000005,8.6,8.5
2024-06-17 12:20:00,7.1000000000000005,8.6,8.5
2024-06-17 12:30:00,7.1000000000000005,8.6,8.5
2024-06-17 12:40:00,7.1000000000000005,8.6,8.5
2024-06-17 12:50:00,7.1000000000000005,8.6,8.5
2024-06-17 13:00:00,7.1000000000000005,8.6,8.5
2024-06-17 13:10:00,7.1000000000000005,8.6,8.5
2024-06-17 13:20:00,7.1000000000000005,8.6,8.5
2024-06-17 13:30:00,7.1000000000000005,8.6,8.5
2024-06-17 13:40:00,7.1000000000000005,8.6,8.5
2024-06-17 13:50:00,7.1000000000000005,8.6,8.5
2024-06-17 14:00:00,7.1000000000000005,8.6,8.5
2024-06-17 14:10:00,7.1000000000000005,8.6,8.5
2024-06-17 14:20:00,7.1000000000000005,8.6,8.5
2024-06-17 14:30:00,7.1000000000000005,8.6,8.5
2024-06-17 14:40:00,7.1000000000000005,8.6,8.5
2024-06-17 14:50:00,7.1000000000000005,8.6,8.5
2024-06-17 15:00:00,7.1000000000000005,8.6,8.5
2024-06-17 15:10:00,7.1000000000000005,8.6,8.5
2024-06-17 15:20:00,7.1000000000000005,8.6,8.5
2024-06-17 15:30:00,7.1000000000000005,8.6,8.5
2024-06-17 15:40:00,7.1000000000000005,8.6,8.5
2024-06-17 15:50:00,7.1000000000000005,8.6,8.5
2024-06-17 16:00:00,7.1000000000000005,8.6,8.5
2024-06-17 16:10:00,7.1000000000000005,8.6,8.5
2024-06-17 16:20:00,7.1000000000000005,8.6,8.5
2024-06-17 16:30:00,7.1000000000000005,8.6,8.5
2024-06-17 16:40:00,7.1000000000000005,8.6,8.5
2024-06-17 16:50:00,7.1000000000000005,8.6,8.5
2024-06-17 17:00:00,7.1000000000000005,8.6,8.5
2024-06-17 17:10:00,7.1000000000000005,8.6,8.5
2024-06-17 17:20:00,7.1000000000000005,8.6,8.5
2024-06-17 17:30:00,7.1000000000000005,8.6,8.5
2024-06-17 17:40:00,7.1000000000000005,8.6,8.5
2024-06-17 17:50:00,7.1000000000000005,8.6,8.5
2024-06-17 18:00:00,7.1000000000000005,8.6,8.5
2024-06-17 18:10:00,7.1000000000000005,8.6,8.5
2024-06-17 18:20:00,7.1000000000000005,8.6,8.5
2024-06-17 18:30:00,7.1000000000000005,8.6,8.5
2024-06-17 18:40:00,7.1000000000000005,8.6,8.5
2024-06-17 18:50:00,7.1000000000000005,8.6,8.5
2024-06-17 19:00:00,7.1000000000000005,8.6,8.5
2024-06-17 19:10:00,7.1000000000000005,8.6,8.5
2024-06-17 19:20:00,7.1000000000000005,8.6,8.5
2024-06-17 19:30:00,7.1000000000000005,8.6,8.5
2024-06-17 19:40:00,7.1000000000000005,8.6,8.5
2024-06-17 19:50:00,7.1000000000000005,8.6,8.5
2024-06-17 20:00:00,7.1000000000000005,8.6,8.5
2024-06-17 20:10:00,7.1000000000000005,8.6,8.5
2024-06-17 20:20:00,7.1000000000000005,8.6,8.5
2024-06-17 20:30:00,7.1000000000000005,8.6,8.5
2024-06-17 20:40:00,7.1000000000000005,8.6,8.5
2024-06-17 20:50:00,7.1000000000000005,8.6,8.5
2024-06-17 21:00:00,7.1000000000000005,8.6,8.5
2024-06-17 21:10:00,7.1000000000000005,8.6,8.5
2024-06-17 21:20:00,7.1000000000000005,8.6,8.5
2024-06-17 21:30:00,7.1000000000000005,8.6,8.5
2024-06-17 21:40:00,7.1000000000000005,8.6,8.5
2024-06-17 21:50:00,7.1000000000000005,8.6,8.5
2024-06-17 22:00:00,7.1000000000000005,8.6,8.5
2024-06-17 22:10:00,7.1000000000000005,8.6,8.5
2024-06-17 22:20:00,7.1000000000000005,8.6,8.5
2024-06-17 22:30:00,7.1000000000000005,8.6,8.5
2024-06-17 22:40:00,7.1000000000000005,8.6,8.5
2024-06-17 22:50:00,7.1000000000000005,8.6,8.5
2024-06-17 23:00:00,7.1000000000000005,8.6,8.5
2024-06-17 23:10:00,7.1000000000000005,8.6,8.5
2024-06-17 23:20:00,7.1000000000000005,8.6,8.5
2024-06-17 23:30:00,7.1000000000000005,8.6,8.5
2024-06-17 23:40:00,7.1000000000000005,8.6,8.5
2024-06-17 23:50:00,7.1000000000000005,8.6,8.5
2024-06-18 00:00:00,7.1000000000000005,8.6,8.5
2024-06-18 00:10:00,7.1000000000000005,8.6,8.5
2024-06-18 00:20:00,7.1000000000000005,8.6,8.5
2024-06-18 00:30:00,7.1000000000000005,8.6,8.5
2024-06-18 00:40:00,7.1000000000000005,8.6,8.5
2024-06-18 00:50:00,7.1000000000000005,8.6,8.5
2024-06-18 01:00:00,7.1000000000000005,8.6,8.5
2024-06-18 01:10:00,7.1000000000000005,8.6,8.5
2024-06-18 01:20:00,7.1000000000000005,8.6,8.5
2024-06-18 01:30:00,7.1000000000000005,8.6,8.5
2024-06-18 01:40:00,7.1000000000000005,8.6,8.5
2024-06-18 01:50:00,7.1000000000000005,8.6,8.5
2024-06-18 02:00:00,7.1000000000000005,8.6,8.5
2024-06-18 02:10:00,7.1000000000000005,8.6,8.5
2024-06-18 02:20:00,7.1000000000000005,8.6,8.5
2024-06-18 02:30:00,7.1000000000000005,8.6,8.5
2024-06-18 02:40:00,7.1000000000000005,8.6,8.5
2024-06-18 02:50:00,7.1000000000000005,8.6,8.5
2024-06-18 03:00:00,7.1000000000000005,8.6,8.5
2024-06-18 03:10:00,7.1000000000000005,8.6,8.5
2024-06-18 03:20:00,7.1000000000000005,8.6,8.5
2024-06-18 03:30:00,7.1000000000000005,8.6,8.5
2024-06-18 03:40:00,7.1000000000000005,8.6,8.5
2024-06-18 03:50:00,7.1000000000000005,8.6,8.5
2024-06-18 04:00:00,7.1000000000000005,8.6,8.5
2024-06-18 04:10:00,7.1000000000000005,8.6,8.5
2024-06-18 04:20:00,7.1000000000000005,8.6,8.5
2024-06-18 04:30:00,7.1000000000000005,8.6,8.5
2024-06-18 04:40:00,7.1000000000000005,8.6,8.5
2024-06-18 04:50:00,7.1000000000000005,8.6,8.5
2024-06-18 05:00:00,7.1000000000000005,8.6,8.5
2024-06-18 05:10:00,7.1000000000000005,8.6,8.5
2024-06-18 05:20:00,7.1000000000000005,8.6,8.5
2024-06-18 05:30:00,7.1000000000000005,8.6,8.5
2024-06-18 05:40:00,7.1000000000000005,8.6,8.5
2024-06-18 05:50:00,7.1000000000000005,8.6,8.5
2024-06-18 06:00:00,7.1000000000000005,8.6,8.5
2024-06-18 06:10:00,7.1000000000000005,8.6,8.5
2024-06-18 06:20:00,7.1000000000000005,8.6,8.5
2024-06-18 06:30:00,7.1000000000000005,8.6,8.5
2024-06-18 06:40:00,7.1000000000000005,8.6,8.5
2024-06-18 06:50:00,7.1000000000000005,8.6,8.5
2024-06-18 07:00:00,7.1000000000000005,8.6,8.5
2024-06-18 07:10:00,7.1000000000000005,8.6,8.5
2024-06-18 07:20:00,7.1000000000000005,8.6,8.5
2024-06-18 07:30:00,7.1000000000000005,8.6,8.5
2024-06-18 07:40:00,7.1000000000000005,8.6,8.5
2024-06-18 07:50:00,7.1000000000000005,8.6,8.5
2024-06-18 08:00:00,7.1000000000000005,8.6,8.5
2024-06-18 08:10:00,7.1000000000000005,8.6,8.5
2024-06-18 08:20:00,7.1000000000000005,8.6,8.5
2024-06-18 08:30:00,7.1000000000000005,8.6,8.5
2024-06-18 08:40:00,7.1000000000000005,8.6,8.5
2024-06-18 08:50:00,7.1000000000000005,8.6,8.5
2024-06-18 09:00:00,7.1000000000000005,8.6,8.5
2024-06-18 09:10:00,7.1000000000000005,8.6,8.5
2024-06-18 09:20:00,7.1000000000000005,8.6,8.5
2024-06-18 09:30:00,7.1000000000000005,8.6,8.5
2024-06-18 09:40:00,7.1000000000000005,8.6,8.5
2024-06-18 09:50:00,7.1000000000000005,8.6,8.5
2024-06-18 10:00:00,7.1000000000000005,8.6,8.5
2024-06-18 10:10:00,7.1000000000000005,8.6,8.5
2024-06-18 10:20:00,7.1000000000000005,8.6,8.5
2024-06-18 10:30:00,7.1000000000000005,8.6,8.5
2024-06-18 10:40:00,7.1000000000000005,8.6,8.5
2024-06-18 10:50:00,7.1000000000000005,8.6,8.5
2024-06-18 11:00:00,7.1000000000000005,8.6,8.5
2024-06-18 11:10:00,7.1000000000000005,8.6,8.5
2024-06-18 11:20:00,7.1000000000000005,8.6,8.5
2024-06-18 11:30:00,7.1000000000000005,8.6,8.5
2024-06-18 11:40:00,7.1000000000000005,8.6,8.5
2024-06-18 11:50:00,7.1000000000000005,8.6,8.5
2024-06-18 12:00:00,7.1000000000000005,8.6,8.5
2024-06-18 12:10:00,7.1000000000000005,8.6,8.5
2024-06-18 12:20:00,7.1000000000000005,8.6,8.5
2024-06-18 12:30:00,7.1000000000000005,8.6,8.5
2024-06-18 12:40:00,7.1000000000000005,8.6,8.5
2024-06-18 12:50:00,7.1000000000000005,8.6,8.5
2024-06-18 13:00:00,7.1000000000000005,8.6,8.5
2024-06-18 13:10:00,7.1000000000000005,8.6,8.5
2024-06-18 13:20:00,7.1000000000000005,8.6,8.5
2024-06-18 13:30:00,7.1000000000000005,8.6,8.5
2024-06-18 13:40:00,7.1000000000000005,8.6,8.5
2024-06-18 13:50:00,7.1000000000000005,8.6,8.5
2024-06-18 14:00:00,7.1000000000000005,8.6,8.5
2024-06-18 14:10:00,7.1000000000000005,8.6,8.5
2024-06-18 14:20:00,7.1000000000000005,8.6,8.5
2024-06-18 14:30:00,7.1000000000000005,8.6,8.5
2024-06-18 14:40:00,7.1000000000000005,8.6,8.5
2024-06-18 14:50:00,7.1000000000000005,8.6,8.5
2024-06-18 15:00:00,7.1000000000000005,8.6,8.5
2024-06-18 15:10:00,7.1000000000000005,8.6,8.5
2024-06-18 15:20:00,7.1000000000000005,8.6,8.5
2024-06-18 15:30:00,7.1000000000000005,8.6,8.5
2024-06-18 15:40:00,7.1000000000000005,8.6,8.5
2024-06-18 15:50:00,7.1000000000000005,8.6,8.5
2024-06-18 16:00:00,7.1000000000000005,8.6,8.5
2024-06-18 16:10:00,7.1000000000000005,8.6,8.5
2024-06-18 16:20:00,7.1000000000000005,8.6,8.5
2024-06-18 16:30:00,7.1000000000000005,8.6,8.5
2024-06-18 16:40:00,7.1000000000000005,8.6,8.5
2024-06-18 16:50:00,7.1000000000000005,8.6,8.5
2024-06-18 17:00:00,7.1000000000000005,8.6,8.5
2024-06-18 17:10:00,7.1000000000000005,8.6,8.5
2024-06-18 17:20:00,7.1000000000000005,8.6,8.5
2024-06-18 17:30:00,7.1000000000000005,8.6,8.5
2024-06-18 17:40:00,7.1000000000000005,8.6,8.5
2024-06-18 17:50:00,7.1000000000000005,8.6,8.5
2024-06-18 18:00:00,7.1000000000000005,8.6,8.5
2024-06-18 18:10:00,7.1000000000000005,8.6,8.5
2024-06-18 18:20:00,7.1000000000000005,8.6,8.5
2024-06-18 18:30:00,7.1000000000000005,8.6,8.5
2024-06-18 18:40:00,7.1000000000000005,8.6,8.5
2024-06-18 18:50:00,7.1000000000000005,8.6,8.5
2024-06-18 19:00:00,7.1000000000000005,8.6,8.5
2024-06-18 19:10:00,7.1000000000000005,8.6,8.5
2024-06-18 19:20:00,7.1000000000000005,8.6,8.5
2024-06-18 19:30:00,7.1000000000000005,8.6,8.5
2024-06-18 19:40:00,7.1000000000000005,8.6,8.5
2024-06-18 19:50:00,7.1000000000000005,8.6,8.5
2024-06-18 20:00:00,7.1000000000000005,8.6,8.5
2024-06-18 20:10:00,7.1000000000000005,8.6,8.5
2024-06-18 20:20:00,7.1000000000000005,8.6,8.5
2024-06-18 20:30:00,7.1000000000000005,8.6,8.5
2024-06-18 20:40:00,7.1000000000000005,8.6,8.5
2024-06-18 20:50:00,7.1000000000000005,8.6,8.5
2024-06-18 21:00:00,7.1000000000000005,8.6,8.5
2024-06-18 21:10:00,7.1000000000000005,8.6,8.5
2024-06-18 21:20:00,7.1000000000000005,8.6,8.5
2024-06-18 21:30:00,7.1000000000000005,8.6,8.5
2024-06-18 21:40:00,7.1000000000000005,8.6,8.5
2024-06-18 21:50:00,7.1000000000000005,8.6,8.5
2024-06-18 22:00:00,7.1000000000000005,8.6,8.5
2024-06-18 22:10:00,7.1000000000000005,8.6,8.5
2024-06-18 22:20:00,7.1000000000000005,8.6,8.5
2024-06-18 22:30:00,7.1000000000000005,8.6,8.5
2024-06-18 22:40:00,7.1000000000000005,8.6,8.5
2024-06-18 22:50:00,7.1000000000000005,8.6,8.5
2024-06-18 23:00:00,7.1000000000000005,8.6,8.5
2024-06-18 23:10:00,7.1000000000000005,8.6,8.5
2024-06-18 23:20:00,7.1000000000000005,8.6,8.5
2024-06-18 23:30:00,7.1000000000000005,8.6,8.5
2024-06-18 23:40:00,7.1000000000000005,8.6,8.5
2024-06-18 23:50:00,7.1000000000000005,8.6,8.5
2024-06-19 00:00:00,7.1000000000000005,8.6,8.5
2024-06-19 00:10:00,7.1000000000000005,8.6,8.5
2024-06-19 00:20:00,7.1000000000000005,8.6,8.5
2024-06-19 00:30:00,7.1000000000000005,8.6,8.5
2024-06-19 00:40:00,7.1000000000000005,8.6,8.5
2024-06-19 00:50:00,7.1000000000000005,8.6,8.5
2024-06-19 01:00:00,7.1000000000000005,8.6,8.5
2024-06-19 01:10:00,7.2,8.6,8.5
2024-06-19 01:20:00,7.1000000000000005,8.6,8.5
2024-06-19 01:30:00,7.2,8.6,8.5
2024-06-19 01:40:00,7.1000000000000005,8.6,8.5
2024-06-19 01:50:00,7.1000000000000005,8.6,8.5
2024-06-19 02:00:00,7.2,8.6,8.5
2024-06-19 02:10:00,7.1000000000000005,8.6,8.5
2024-06-19 02:20:00,7.1000000000000005,8.6,8.5
2024-06-19 02:30:00,7.1000000000000005,8.6,8.5
2024-06-19 02:40:00,7.1000000000000005,8.6,8.5
2024-06-19 02:50:00,7.1000000000000005,8.6,8.5
2024-06-19 03:00:00,7.0,8.6,8.5
2024-06-19 03:10:00,65.5,8.6,8.5
2024-06-19 03:20:00,7.1000000000000005,8.6,8.5
2024-06-19 03:30:00,7.2,8.6,8.5
2024-06-19 03:40:00,7.1000000000000005,8.6,8.5
2024-06-19 03:50:00,7.1000000000000005,8.6,8.5
2024-06-19 04:00:00,7.1000000000000005,8.6,8.5
2024-06-19 04:10:00,7.1000000000000005,8.6,8.5
2024-06-19 04:20:00,7.1000000000000005,8.6,8.5
2024-06-19 04:30:00,7.1000000000000005,8.6,8.5
2024-06-19 04:40:00,7.1000000000000005,8.6,8.5
2024-06-19 04:50:00,7.0,8.6,8.5
2024-06-19 05:00:00,7.1000000000000005,8.6,8.5
2024-06-19 05:10:00,7.1000000000000005,8.6,8.5
2024-06-19 05:20:00,7.5,8.6,8.5
2024-06-19 05:30:00,7.1000000000000005,8.6,8.5
2024-06-19 05:40:00,7.1000000000000005,8.6,8.5
2024-06-19 05:50:00,7.1000000000000005,8.6,8.5
2024-06-19 06:00:00,7.1000000000000005,8.6,8.5
2024-06-19 06:10:00,7.1000000000000005,8.6,8.5
2024-06-19 06:20:00,7.2,8.6,8.5
2024-06-19 06:30:00,7.2,8.6,8.5
2024-06-19 06:40:00,7.2,8.6,8.5
2024-06-19 06:50:00,7.1000000000000005,8.6,8.5
2024-06-19 07:00:00,7.1000000000000005,8.6,8.5
2024-06-19 07:10:00,7.2,8.6,8.5
2024-06-19 07:20:00,7.1000000000000005,8.6,8.5
2024-06-19 07:30:00,7.1000000000000005,8.6,8.5
2024-06-19 07:40:00,7.1000000000000005,8.6,8.5
2024-06-19 07:50:00,7.1000000000000005,8.6,8.5
2024-06-19 08:00:00,7.1000000000000005,8.6,8.5
2024-06-19 08:10:00,7.2,8.6,8.5
2024-06-19 08:20:00,7.1000000000000005,8.6,8.5
2024-06-19 08:30:00,7.1000000000000005,8.6,8.5
2024-06-19 08:40:00,7.1000000000000005,8.6,8.5
2024-06-19 08:50:00,7.1000000000000005,8.6,8.5
2024-06-19 09:00:00,7.1000000000000005,8.6,8.5
2024-06-19 09:10:00,7.1000000000000005,8.6,8.5
2024-06-19 09:20:00,7.1000000000000005,8.6,8.5
2024-06-19 09:30:00,7.1000000000000005,8.6,8.5
2024-06-19 09:40:00,7.1000000000000005,8.6,8.5
2024-06-19 09:50:00,7.1000000000000005,8.6,8.5
2024-06-19 10:00:00,7.1000000000000005,8.6,8.5
2024-06-19 10:10:00,7.1000000000000005,8.6,8.5
2024-06-19 10:20:00,7.1000000000000005,8.6,8.5
2024-06-19 10:30:00,7.1000000000000005,8.6,8.5
2024-06-19 10:40:00,7.3,8.6,8.5
2024-06-19 10:50:00,10.5,8.6,8.5
2024-06-19 11:00:00,7.1000000000000005,8.6,8.5
2024-06-19 11:10:00,7.7,8.6,8.5
2024-06-19 11:20:00,7.1000000000000005,8.6,8.5
2024-06-19 11:30:00,7.1000000000000005,8.6,8.5
2024-06-19 11:40:00,7.1000000000000005,8.6,8.5
2024-06-19 11:50:00,7.1000000000000005,8.6,8.5
2024-06-19 12:00:00,7.1000000000000005,8.6,8.5
2024-06-19 12:10:00,7.1000000000000005,8.6,8.5
2024-06-19 12:20:00,7.1000000000000005,8.6,8.5
2024-06-19 12:30:00,7.0,8.6,8.5
2024-06-19 12:40:00,7.1000000000000005,8.6,8.5
2024-06-19 12:50:00,7.1000000000000005,8.6,8.5
2024-06-19 13:00:00,7.1000000000000005,8.6,8.5
2024-06-19 13:10:00,7.1000000000000005,8.6,8.5
2024-06-19 13:20:00,7.2,8.6,8.5
2024-06-19 13:30:00,7.0,8.6,8.5
2024-06-19 13:40:00,7.1000000000000005,8.6,8.5
2024-06-19 13:50:00,7.1000000000000005,8.6,8.5
2024-06-19 14:00:00,7.1000000000000005,8.6,8.5
2024-06-19 14:10:00,7.0,8.6,8.5
2024-06-19 14:20:00,7.1000000000000005,8.6,8.5
2024-06-19 14:30:00,7.1000000000000005,8.6,8.5
2024-06-19 14:40:00,7.1000000000000005,8.6,8.5
2024-06-19 14:50:00,7.1000000000000005,8.6,8.5
2024-06-19 15:00:00,7.1000000000000005,8.6,8.5
2024-06-19 15:10:00,7.0,8.6,8.5
2024-06-19 15:20:00,7.1000000000000005,8.6,8.5
2024-06-19 15:30:00,7.1000000000000005,8.6,8.5
2024-06-19 15:40:00,7.1000000000000005,8.6,8.5
2024-06-19 15:50:00,7.1000000000000005,8.6,8.5
2024-06-19 16:00:00,7.1000000000000005,8.6,8.5
2024-06-19 16:10:00,7.1000000000000005,8.6,8.5
2024-06-19 16:20:00,7.1000000000000005,8.6,8.5
2024-06-19 16:30:00,7.1000000000000005,8.6,8.5
2024-06-19 16:40:00,7.1000000000000005,8.6,8.5
2024-06-19 16:50:00,7.0,8.6,8.5
2024-06-19 17:00:00,7.1000000000000005,8.6,8.5
2024-06-19 17:10:00,7.0,8.6,8.5
2024-06-19 17:20:00,7.1000000000000005,8.6,8.5
2024-06-19 17:30:00,7.1000000000000005,8.6,8.5
2024-06-19 17:40:00,7.1000000000000005,8.6,8.5
2024-06-19 17:50:00,7.1000000000000005,8.6,8.5
2024-06-19 18:00:00,7.0,8.6,8.5
2024-06-19 18:10:00,9.0,8.6,8.5
2024-06-19 18:20:00,7.1000000000000005,8.6,8.5
2024-06-19 18:30:00,7.0,8.6,8.5
2024-06-19 18:40:00,7.1000000000000005,8.6,8.5
2024-06-19 18:50:00,7.3,8.6,8.5
2024-06-19 19:00:00,7.1000000000000005,8.6,8.5
2024-06-19 19:10:00,7.1000000000000005,8.6,8.5
2024-06-19 19:20:00,7.1000000000000005,8.6,8.5
2024-06-19 19:30:00,7.1000000000000005,8.6,8.5
2024-06-19 19:40:00,7.1000000000000005,14.3,8.5
2024-06-19 19:50:00,7.1000000000000005,14.3,8.5
2024-06-19 20:00:00,7.1000000000000005,14.3,8.5
2024-06-19 20:10:00,17.5,14.3,8.5
2024-06-19 20:20:00,7.2,14.3,8.5
2024-06-19 20:30:00,7.1000000000000005,14.3,8.5
2024-06-19 20:40:00,24.4,14.3,8.5
2024-06-19 20:50:00,9.1,14.3,8.5
2024-06-19 21:00:00,7.4,14.3,8.5
2024-06-19 21:10:00,7.1000000000000005,14.3,8.5
2024-06-19 21:20:00,13.2,14.3,8.5
2024-06-19 21:30:00,7.1000000000000005,14.3,8.5
2024-06-19 21:40:00,7.1000000000000005,14.3,8.5
2024-06-19 21:50:00,7.1000000000000005,14.3,8.5
2024-06-19 22:00:00,7.0,14.3,8.5
2024-06-19 22:10:00,8.0,14.3,8.5
2024-06-19 22:20:00,7.3,14.3,8.5
2024-06-19 22:30:00,7.1000000000000005,14.3,8.5
2024-06-19 22:40:00,7.1000000000000005,14.3,8.5
2024-06-19 22:50:00,7.1000000000000005,14.3,8.5
2024-06-19 23:00:00,7.0,14.3,8.5
2024-06-19 23:10:00,7.1000000000000005,14.3,8.5
2024-06-19 23:20:00,7.0,14.3,8.5
2024-06-19 23:30:00,7.2,14.3,8.5
2024-06-19 23:40:00,7.2,14.3,8.5
2024-06-19 23:50:00,7.1000000000000005,14.3,8.5
2024-06-20 00:00:00,7.1000000000000005,14.3,8.5
2024-06-20 00:10:00,7.1000000000000005,14.3,8.5
2024-06-20 00:20:00,7.1000000000000005,14.3,8.5
2024-06-20 00:30:00,7.1000000000000005,14.3,8.5
2024-06-20 00:40:00,7.1000000000000005,14.3,8.5
2024-06-20 00:50:00,7.8,14.3,8.5
2024-06-20 01:00:00,7.8,14.3,8.5
2024-06-20 01:10:00,7.8,14.3,8.5
2024-06-20 01:20:00,7.8,14.3,8.5
2024-06-20 01:30:00,7.1000000000000005,14.3,8.5
2024-06-20 01:40:00,7.1000000000000005,14.3,8.5
2024-06-20 01:50:00,7.1000000000000005,14.3,8.5
2024-06-20 02:00:00,7.1000000000000005,14.3,8.5
2024-06-20 02:10:00,7.1000000000000005,14.3,8.5
2024-06-20 02:20:00,7.1000000000000005,14.3,8.5
2024-06-20 02:30:00,7.1000000000000005,14.3,8.5
